species_id,habitat_type,population_trend,fishing_pressure,average_size_cm,geographic_region,reproduction_rate,depth_range_m,water_temperature_c,population_size_thousands,conservation_status
1,Open Ocean,Critical,High,146.1,Atlantic,5.16,650.84,5.3,237.89,Poor
2,Estuary,Critical,Very High,23.7,Atlantic,4.36,1531.56,8.49,129.94,Poor
3,Coastal,Critical,Low,23.54,Arctic,9.08,290.61,22.89,409.48,Moderate
4,Estuary,Critical,Very High,12.3,Arctic,6.24,1317.14,29.32,449.9,Poor
5,Estuary,Critical,High,191.74,Indian Ocean,5.98,1284.93,29.58,391.18,Poor
6,Deep Sea,Increasing,Low,150.13,Mediterranean,5.81,56.01,17.35,98.48,Good
7,Coastal,Critical,High,77.12,Indian Ocean,4.03,1577.0,26.73,44.29,Poor
8,Coastal,Increasing,High,66.34,Mediterranean,7.96,1806.98,23.42,303.12,Good
9,Coastal,Critical,Moderate,76.44,Atlantic,2.9,538.49,17.53,29.49,Poor
10,Estuary,Declining,Low,157.18,Pacific,9.42,1625.72,19.32,336.74,Good
11,Open Ocean,Stable,Moderate,135.66,Indian Ocean,8.99,169.4,8.43,265.68,Good
12,Coastal,Increasing,Low,45.19,Indian Ocean,3.71,1201.94,28.44,331.73,Good
13,Estuary,Critical,High,43.08,Mediterranean,7.43,973.87,13.8,295.5,Moderate
14,Deep Sea,Declining,High,28.7,Atlantic,5.95,1094.12,16.15,211.93,Moderate
15,Open Ocean,Stable,Very High,135.46,Atlantic,3.71,1852.78,21.79,101.24,Poor
16,Deep Sea,Increasing,Low,155.23,Mediterranean,9.89,1743.27,13.35,153.55,Good
17,Open Ocean,Stable,Moderate,60.36,Atlantic,0.74,1571.24,11.36,262.73,Moderate
18,Estuary,Declining,Very High,13.98,Arctic,2.9,551.03,20.78,326.28,Poor
19,Coral Reef,Increasing,Very High,25.61,Pacific,5.44,1824.08,5.62,389.96,Moderate
20,Open Ocean,Stable,Very High,193.89,Indian Ocean,5.46,199.53,23.02,383.82,Moderate
21,Deep Sea,Critical,Moderate,66.13,Pacific,6.09,1707.39,17.85,486.37,Moderate
22,Estuary,Increasing,Very High,156.15,Indian Ocean,7.64,659.68,20.14,143.63,Moderate
23,Open Ocean,Stable,Moderate,128.69,Arctic,6.42,112.28,20.8,36.48,Moderate
24,Coral Reef,Declining,Very High,82.57,Atlantic,6.2,1340.37,18.18,173.48,Poor
25,Coral Reef,Declining,Moderate,49.08,Mediterranean,1.01,466.4,19.56,371.9,Moderate
26,Coastal,Increasing,High,33.06,Arctic,4.08,490.92,22.09,219.62,Moderate
27,Coastal,Stable,High,126.85,Pacific,2.7,615.56,23.83,409.08,Moderate
28,Deep Sea,Increasing,High,157.18,Mediterranean,3.02,132.05,23.19,275.11,Moderate
29,Open Ocean,Increasing,High,132.34,Atlantic,5.77,358.37,26.74,464.97,Good
30,Open Ocean,Stable,High,110.76,Arctic,2.4,15.25,9.74,473.98,Moderate
31,Coastal,Stable,Very High,17.97,Mediterranean,3.29,893.59,15.03,35.58,Poor
32,Open Ocean,Critical,Very High,194.01,Arctic,2.75,173.09,28.69,228.75,Poor
33,Open Ocean,Stable,Very High,161.76,Arctic,9.51,1366.89,14.91,305.23,Good
34,Coral Reef,Declining,Moderate,65.64,Atlantic,9.47,475.07,8.12,128.68,Moderate
35,Coastal,Increasing,Moderate,196.19,Indian Ocean,6.29,1887.43,18.14,204.13,Good
36,Estuary,Increasing,Moderate,124.36,Mediterranean,9.28,1743.15,7.74,339.16,Good
37,Coastal,Declining,Moderate,120.66,Atlantic,7.97,582.43,10.07,114.14,Moderate
38,Estuary,Stable,High,152.13,Arctic,6.1,1567.51,29.96,301.39,Moderate
39,Coral Reef,Declining,High,164.24,Atlantic,0.56,1607.47,18.53,349.03,Moderate
40,Deep Sea,Declining,High,134.73,Indian Ocean,7.84,1973.19,12.1,46.16,Moderate
41,Open Ocean,Critical,Low,34.34,Mediterranean,7.17,1197.69,29.87,249.27,Good
42,Coral Reef,Declining,Very High,74.27,Indian Ocean,6.34,168.52,29.16,132.28,Poor
43,Open Ocean,Increasing,Moderate,186.34,Pacific,7.72,1295.44,16.02,362.47,Good
44,Deep Sea,Declining,Moderate,52.68,Mediterranean,5.37,1251.83,11.51,95.59,Moderate
45,Deep Sea,Increasing,High,80.71,Indian Ocean,7.19,1278.51,25.96,446.23,Good
46,Coral Reef,Increasing,Moderate,92.09,Arctic,9.38,617.76,22.89,216.04,Good
47,Deep Sea,Increasing,Moderate,93.49,Mediterranean,4.07,1720.06,22.17,99.8,Moderate
48,Estuary,Stable,Very High,126.46,Mediterranean,7.23,1919.15,27.33,219.57,Moderate
49,Deep Sea,Critical,High,189.18,Atlantic,5.02,439.34,22.24,204.96,Moderate
50,Open Ocean,Increasing,Very High,55.73,Arctic,6.91,180.86,12.09,215.03,Moderate
51,Open Ocean,Increasing,Low,33.09,Pacific,7.75,393.1,22.35,293.2,Good
52,Open Ocean,Stable,Low,47.52,Indian Ocean,0.93,1642.0,12.65,261.07,Moderate
53,Open Ocean,Increasing,Low,178.52,Atlantic,6.64,1354.91,23.98,75.74,Moderate
54,Estuary,Declining,High,132.7,Indian Ocean,2.65,1273.91,20.49,33.72,Poor
55,Coastal,Declining,Moderate,64.32,Pacific,6.87,806.58,6.94,364.98,Good
56,Coral Reef,Critical,High,165.03,Pacific,4.95,1157.77,17.82,280.3,Poor
57,Open Ocean,Increasing,High,173.66,Mediterranean,7.85,619.21,13.58,180.14,Good
58,Deep Sea,Stable,Moderate,170.84,Pacific,1.67,957.01,13.21,404.37,Moderate
59,Open Ocean,Declining,Very High,184.6,Indian Ocean,6.45,1587.16,20.06,194.64,Moderate
60,Deep Sea,Stable,Low,57.93,Arctic,3.15,1962.58,13.06,398.19,Moderate
61,Deep Sea,Stable,Very High,153.46,Arctic,8.6,1865.32,24.42,153.57,Moderate
62,Open Ocean,Declining,Low,97.5,Mediterranean,9.32,1868.06,6.77,37.35,Moderate
63,Estuary,Stable,High,169.98,Indian Ocean,9.97,807.44,21.51,466.39,Good
64,Deep Sea,Declining,Low,148.41,Indian Ocean,8.06,940.24,25.23,197.88,Good
65,Deep Sea,Stable,High,157.53,Pacific,7.66,1412.74,21.82,396.55,Moderate
66,Open Ocean,Declining,Very High,134.67,Indian Ocean,2.55,1844.77,17.43,140.29,Poor
67,Deep Sea,Increasing,High,43.71,Atlantic,3.69,288.28,28.76,323.54,Moderate
68,Deep Sea,Critical,Very High,113.56,Pacific,4.92,611.96,12.5,436.78,Poor
69,Open Ocean,Declining,Moderate,197.09,Atlantic,7.85,282.8,5.48,21.78,Moderate
70,Open Ocean,Declining,Moderate,188.1,Mediterranean,9.19,1225.96,15.8,415.49,Good
71,Coral Reef,Critical,Moderate,18.2,Arctic,2.3,616.07,5.83,286.1,Poor
72,Estuary,Declining,High,41.31,Mediterranean,9.26,655.59,28.85,304.13,Moderate
73,Estuary,Declining,Moderate,35.03,Arctic,7.11,146.48,10.25,262.06,Good
74,Deep Sea,Stable,Low,147.94,Mediterranean,6.3,702.84,24.72,437.36,Good
75,Estuary,Critical,Very High,165.38,Indian Ocean,2.4,1725.68,24.36,22.67,Poor
76,Deep Sea,Increasing,Very High,50.57,Atlantic,1.03,469.98,10.44,131.25,Poor
77,Coral Reef,Declining,Low,106.11,Arctic,5.9,1391.9,20.53,438.01,Good
78,Open Ocean,Critical,High,169.73,Pacific,6.69,1261.11,6.2,376.42,Moderate
79,Open Ocean,Stable,High,149.23,Atlantic,2.5,1727.65,17.09,9.8,Poor
80,Open Ocean,Increasing,Very High,113.03,Pacific,5.79,268.91,5.37,258.99,Moderate
81,Estuary,Critical,Moderate,122.17,Atlantic,8.64,1955.29,28.03,265.26,Moderate
82,Coral Reef,Increasing,High,106.59,Atlantic,8.43,1167.34,29.4,201.04,Good
83,Estuary,Increasing,High,66.53,Mediterranean,9.31,1990.97,10.56,149.4,Moderate
84,Estuary,Increasing,Low,117.35,Arctic,3.98,1823.47,10.2,341.18,Good
85,Coral Reef,Declining,Low,140.89,Arctic,3.52,446.93,23.84,104.69,Moderate
86,Coral Reef,Declining,Moderate,175.93,Atlantic,7.62,117.04,11.33,399.68,Moderate
87,Coral Reef,Stable,High,130.9,Indian Ocean,4.6,515.0,27.38,401.72,Moderate
88,Coral Reef,Stable,High,154.61,Indian Ocean,1.33,1057.49,19.35,208.22,Poor
89,Open Ocean,Critical,Low,40.41,Pacific,3.19,347.33,13.77,142.49,Poor
90,Coastal,Stable,High,97.7,Pacific,4.48,339.08,25.82,142.66,Moderate
91,Coastal,Increasing,Very High,11.77,Mediterranean,3.28,927.87,17.34,241.66,Moderate
92,Coral Reef,Increasing,Low,56.87,Atlantic,3.66,71.37,27.79,360.07,Good
93,Coastal,Declining,Moderate,148.03,Pacific,3.29,248.17,28.2,180.08,Moderate
94,Coastal,Increasing,Low,198.44,Pacific,0.89,834.64,9.14,305.41,Good
95,Coral Reef,Critical,High,28.84,Atlantic,6.55,130.94,5.06,191.86,Poor
96,Coastal,Increasing,Moderate,86.28,Mediterranean,6.17,796.53,29.6,152.96,Moderate
97,Estuary,Increasing,Low,162.01,Pacific,6.71,950.64,27.65,13.4,Good
98,Deep Sea,Critical,Very High,48.77,Mediterranean,2.33,905.28,6.39,2.95,Poor
99,Deep Sea,Stable,Very High,115.47,Arctic,3.31,1739.0,25.83,114.38,Poor
100,Coral Reef,Stable,Low,149.28,Mediterranean,6.39,1062.47,16.45,203.8,Good
101,Open Ocean,Critical,Very High,127.04,Indian Ocean,6.2,938.62,11.47,425.78,Poor
102,Coral Reef,Declining,Very High,45.72,Indian Ocean,5.31,824.36,26.97,399.44,Moderate
103,Open Ocean,Increasing,Very High,77.52,Mediterranean,3.83,1636.16,9.92,134.32,Poor
104,Deep Sea,Critical,Moderate,158.92,Indian Ocean,9.17,1790.64,28.68,123.03,Moderate
105,Coral Reef,Increasing,Very High,115.3,Arctic,3.73,1707.22,10.14,114.43,Poor
106,Estuary,Declining,Very High,10.99,Atlantic,4.83,1348.73,20.34,170.28,Moderate
107,Coastal,Increasing,Very High,154.59,Indian Ocean,6.94,279.04,10.58,249.6,Moderate
108,Open Ocean,Critical,Moderate,16.71,Indian Ocean,5.66,557.36,18.64,219.9,Moderate
109,Coastal,Increasing,Low,151.69,Mediterranean,3.8,96.9,22.1,109.92,Good
110,Coastal,Stable,High,48.47,Arctic,4.64,1861.99,9.76,66.1,Moderate
111,Coral Reef,Declining,Very High,192.03,Atlantic,8.05,1323.29,18.02,7.28,Poor
112,Coastal,Declining,Low,79.91,Mediterranean,3.14,1493.99,16.73,77.83,Moderate
113,Estuary,Declining,Very High,72.12,Mediterranean,1.85,626.59,6.78,352.97,Poor
114,Coastal,Critical,Moderate,38.29,Arctic,3.48,1692.08,25.46,122.58,Poor
115,Coral Reef,Declining,Low,68.06,Atlantic,8.57,522.91,13.39,234.83,Good
116,Estuary,Stable,Moderate,176.56,Arctic,1.35,8.28,19.36,296.06,Moderate
117,Deep Sea,Critical,Very High,199.3,Atlantic,9.92,755.95,17.87,443.53,Poor
118,Coastal,Stable,Very High,79.98,Arctic,5.64,1143.67,17.83,444.54,Moderate
119,Coral Reef,Increasing,Moderate,95.24,Mediterranean,9.86,960.02,7.68,373.12,Good
120,Deep Sea,Increasing,High,147.19,Mediterranean,9.42,1724.84,15.59,18.54,Moderate
121,Deep Sea,Increasing,Moderate,178.38,Pacific,4.8,215.28,16.31,287.96,Moderate
122,Open Ocean,Increasing,Very High,122.68,Indian Ocean,2.39,1109.88,23.34,393.51,Moderate
123,Estuary,Stable,Moderate,84.39,Arctic,2.07,1028.39,26.0,9.63,Poor
124,Coastal,Critical,High,88.4,Pacific,2.78,566.38,18.62,275.29,Poor
125,Coral Reef,Critical,Moderate,142.17,Indian Ocean,7.25,1645.35,7.17,429.02,Good
126,Open Ocean,Declining,High,10.61,Arctic,3.09,1506.93,10.92,237.58,Poor
127,Estuary,Stable,High,127.72,Atlantic,3.74,1467.05,9.12,3.05,Moderate
128,Open Ocean,Increasing,Moderate,77.54,Indian Ocean,4.76,1753.0,8.12,6.5,Moderate
129,Estuary,Stable,Moderate,160.9,Mediterranean,9.18,1446.96,14.15,208.9,Moderate
130,Estuary,Declining,Low,27.67,Pacific,2.3,467.52,10.73,78.35,Moderate
131,Coastal,Declining,Very High,121.76,Indian Ocean,0.55,1412.6,10.46,332.56,Moderate
132,Estuary,Stable,High,101.38,Indian Ocean,1.07,618.87,6.37,354.69,Moderate
133,Open Ocean,Stable,Low,132.04,Mediterranean,9.1,488.14,5.44,89.76,Good
134,Estuary,Stable,Moderate,22.32,Arctic,6.65,150.64,7.57,444.38,Good
135,Coastal,Critical,Very High,120.2,Atlantic,3.09,1489.34,9.3,221.51,Poor
136,Coastal,Increasing,Low,116.68,Mediterranean,2.18,1423.45,15.77,72.28,Moderate
137,Open Ocean,Stable,High,116.53,Atlantic,3.3,472.83,17.76,382.36,Moderate
138,Deep Sea,Stable,Low,124.66,Arctic,1.59,1500.01,8.51,395.2,Moderate
139,Deep Sea,Stable,High,138.53,Indian Ocean,9.44,1836.09,15.62,320.01,Moderate
140,Estuary,Declining,Moderate,162.95,Atlantic,7.95,220.52,13.54,426.88,Moderate
141,Coral Reef,Declining,Very High,61.27,Pacific,4.89,469.11,9.59,368.95,Moderate
142,Estuary,Critical,Very High,166.76,Pacific,8.72,1501.77,5.17,441.22,Moderate
143,Open Ocean,Increasing,Very High,104.67,Mediterranean,2.87,552.64,16.68,217.51,Poor
144,Open Ocean,Critical,Moderate,24.64,Arctic,7.31,1251.2,22.14,374.05,Moderate
145,Open Ocean,Increasing,High,21.12,Mediterranean,8.63,166.92,10.66,499.88,Good
146,Open Ocean,Declining,Moderate,73.51,Mediterranean,3.89,907.14,8.3,362.74,Moderate
147,Open Ocean,Declining,Very High,159.13,Mediterranean,7.7,1479.49,27.18,57.98,Poor
148,Coastal,Declining,Moderate,144.46,Pacific,3.3,1374.6,11.88,259.64,Moderate
149,Deep Sea,Critical,Moderate,159.84,Pacific,3.34,1631.07,10.59,294.09,Poor
150,Open Ocean,Stable,Moderate,108.28,Mediterranean,1.52,1755.52,26.43,87.93,Moderate
151,Coral Reef,Stable,High,93.64,Pacific,4.68,1547.5,25.43,481.48,Moderate
152,Coral Reef,Declining,Low,38.02,Arctic,7.43,1344.82,16.21,88.61,Good
153,Coral Reef,Stable,Low,72.36,Mediterranean,9.43,68.29,17.23,89.6,Moderate
154,Coral Reef,Stable,Moderate,92.46,Pacific,6.24,1072.26,10.44,457.67,Moderate
155,Coastal,Critical,Low,26.83,Atlantic,8.7,80.21,6.96,233.14,Good
156,Coral Reef,Increasing,Low,51.92,Mediterranean,8.31,1617.1,19.34,32.53,Good
157,Open Ocean,Declining,Moderate,123.66,Mediterranean,2.15,644.85,7.46,299.5,Poor
158,Estuary,Declining,Moderate,149.78,Arctic,5.12,1127.05,16.23,301.31,Moderate
159,Coral Reef,Critical,Very High,199.69,Indian Ocean,1.61,562.49,28.51,33.19,Poor
160,Coastal,Critical,Low,187.29,Indian Ocean,6.98,1566.09,28.82,486.29,Good
161,Coastal,Stable,High,132.09,Arctic,9.52,1773.57,10.98,272.47,Moderate
162,Coral Reef,Declining,Moderate,90.04,Arctic,1.8,800.29,20.6,280.34,Poor
163,Estuary,Increasing,Very High,130.87,Arctic,7.47,1726.53,16.85,260.54,Moderate
164,Coral Reef,Critical,High,159.27,Indian Ocean,6.51,537.81,26.89,305.76,Moderate
165,Coastal,Increasing,Low,32.48,Arctic,6.04,1071.65,11.79,132.89,Good
166,Deep Sea,Increasing,Very High,87.88,Pacific,4.21,1718.23,5.09,144.33,Moderate
167,Open Ocean,Declining,Moderate,169.56,Mediterranean,3.87,655.13,9.06,256.16,Moderate
168,Coastal,Declining,High,82.93,Mediterranean,0.93,1908.31,13.74,403.54,Poor
169,Coral Reef,Critical,Moderate,118.66,Atlantic,2.57,248.15,12.89,25.88,Poor
170,Open Ocean,Declining,Low,121.68,Atlantic,0.64,41.46,24.78,302.1,Good
171,Coral Reef,Declining,High,45.05,Mediterranean,6.02,1808.75,22.01,403.58,Moderate
172,Coral Reef,Declining,Low,78.82,Pacific,1.51,141.95,12.49,79.3,Poor
173,Deep Sea,Increasing,Low,73.56,Indian Ocean,8.79,1983.82,16.44,8.5,Good
174,Open Ocean,Critical,Very High,14.98,Indian Ocean,5.47,1903.04,7.39,157.04,Poor
175,Open Ocean,Stable,Moderate,14.6,Pacific,7.15,278.36,27.45,294.48,Moderate
176,Deep Sea,Increasing,High,168.02,Indian Ocean,4.4,1077.48,28.39,70.0,Moderate
177,Coastal,Declining,Low,61.88,Arctic,5.83,373.92,29.5,213.64,Good
178,Coral Reef,Increasing,Low,108.43,Mediterranean,9.46,859.17,26.71,276.61,Good
179,Estuary,Declining,High,66.76,Mediterranean,1.29,127.54,9.35,299.84,Poor
180,Coral Reef,Declining,Low,188.73,Pacific,2.91,451.73,6.15,137.93,Moderate
181,Coral Reef,Increasing,Very High,59.27,Indian Ocean,7.91,729.73,19.49,200.61,Moderate
182,Coastal,Critical,Very High,91.63,Atlantic,1.44,880.1,27.82,389.39,Poor
183,Coral Reef,Declining,Very High,175.82,Atlantic,1.22,1955.11,9.43,470.67,Moderate
184,Deep Sea,Critical,Very High,169.97,Indian Ocean,3.93,1616.69,5.18,431.08,Poor
185,Deep Sea,Stable,Low,45.36,Atlantic,1.38,1476.13,25.14,282.58,Moderate
186,Open Ocean,Declining,High,162.5,Pacific,6.06,1076.4,6.92,205.74,Moderate
187,Estuary,Critical,High,97.06,Pacific,2.65,1680.8,15.34,167.15,Poor
188,Coral Reef,Critical,High,101.76,Indian Ocean,9.01,681.95,21.97,63.35,Moderate
189,Coral Reef,Stable,High,35.36,Atlantic,7.94,1419.25,10.92,54.17,Moderate
190,Coastal,Critical,Moderate,25.31,Pacific,7.15,1987.6,7.1,344.49,Moderate
191,Deep Sea,Critical,High,148.31,Pacific,6.36,632.68,24.25,130.64,Poor
192,Estuary,Stable,Moderate,104.33,Arctic,8.7,1349.66,20.75,128.08,Moderate
193,Open Ocean,Declining,Moderate,93.0,Arctic,2.62,1689.41,29.71,499.1,Moderate
194,Deep Sea,Critical,Very High,148.61,Pacific,8.79,1832.04,13.61,94.78,Poor
195,Open Ocean,Critical,Moderate,155.45,Indian Ocean,8.0,1437.28,6.54,74.88,Poor
196,Coastal,Critical,Low,40.19,Mediterranean,7.61,570.8,23.36,50.24,Moderate
197,Coastal,Increasing,Moderate,125.94,Mediterranean,5.83,655.93,18.04,290.32,Moderate
198,Coral Reef,Stable,Very High,35.72,Pacific,2.84,46.41,10.33,314.3,Moderate
199,Estuary,Increasing,Moderate,152.76,Pacific,4.52,1522.97,24.54,183.25,Good
200,Open Ocean,Stable,Low,134.82,Pacific,8.04,90.27,10.09,268.17,Good
201,Deep Sea,Declining,Low,191.76,Indian Ocean,0.8,1729.98,11.52,394.41,Moderate
202,Coastal,Declining,Low,23.1,Arctic,7.93,241.73,7.31,409.23,Good
203,Coral Reef,Critical,Very High,20.84,Pacific,2.78,347.89,14.99,479.0,Poor
204,Coral Reef,Stable,Very High,63.62,Pacific,1.87,955.67,15.47,412.31,Moderate
205,Open Ocean,Declining,High,59.72,Atlantic,1.6,1477.07,17.86,282.86,Moderate
206,Coastal,Stable,Very High,56.93,Indian Ocean,0.76,282.31,22.72,90.65,Poor
207,Estuary,Declining,Low,182.19,Pacific,5.47,882.94,27.65,50.78,Moderate
208,Coastal,Increasing,Low,57.41,Atlantic,2.57,968.29,8.44,28.2,Good
209,Open Ocean,Declining,Very High,61.67,Mediterranean,9.9,428.51,6.36,333.6,Moderate
210,Open Ocean,Increasing,Moderate,154.29,Pacific,5.96,235.54,5.46,403.96,Good
211,Coastal,Declining,Very High,95.45,Pacific,1.81,1673.66,8.59,254.83,Poor
212,Open Ocean,Critical,Very High,157.58,Atlantic,7.04,1007.42,21.45,28.3,Poor
213,Coastal,Increasing,Low,22.42,Indian Ocean,9.03,33.69,23.19,268.2,Good
214,Deep Sea,Declining,High,102.64,Pacific,7.58,1606.95,24.66,467.94,Moderate
215,Coastal,Critical,Low,16.39,Mediterranean,1.23,1961.68,11.09,299.21,Moderate
216,Coastal,Increasing,High,21.9,Pacific,9.01,1213.82,12.65,404.9,Good
217,Open Ocean,Critical,Low,182.22,Mediterranean,8.04,1009.9,17.08,400.28,Good
218,Open Ocean,Stable,Very High,36.46,Arctic,2.0,1757.44,6.58,466.13,Moderate
219,Coral Reef,Stable,Low,111.16,Arctic,0.99,1905.27,20.28,385.34,Good
220,Coral Reef,Increasing,Low,88.11,Mediterranean,5.79,1510.3,29.59,374.1,Good
221,Deep Sea,Declining,Low,76.0,Indian Ocean,1.98,893.68,14.02,117.82,Moderate
222,Coral Reef,Increasing,Very High,180.97,Pacific,8.43,1186.48,23.82,30.9,Moderate
223,Coastal,Critical,Very High,14.15,Pacific,3.9,1403.37,17.5,259.28,Poor
224,Open Ocean,Declining,Very High,136.12,Arctic,9.17,392.58,8.2,63.09,Poor
225,Coral Reef,Stable,Very High,193.04,Mediterranean,5.87,897.17,19.56,481.14,Moderate
226,Coral Reef,Declining,High,116.43,Pacific,2.24,1660.49,12.5,145.67,Poor
227,Deep Sea,Stable,High,188.0,Pacific,1.83,1311.18,5.86,426.62,Moderate
228,Deep Sea,Declining,Moderate,19.93,Indian Ocean,5.98,825.35,20.87,194.42,Moderate
229,Coastal,Declining,Very High,89.57,Atlantic,7.74,1328.41,26.47,162.27,Moderate
230,Open Ocean,Declining,High,59.43,Arctic,7.92,240.85,13.62,467.64,Good
231,Deep Sea,Critical,Low,148.86,Arctic,3.12,805.99,14.76,182.3,Moderate
232,Coral Reef,Critical,Very High,196.45,Atlantic,2.44,1587.29,27.28,195.75,Poor
233,Open Ocean,Increasing,Moderate,58.74,Pacific,0.66,444.92,25.34,53.94,Moderate
234,Open Ocean,Increasing,Moderate,134.29,Indian Ocean,6.95,375.99,22.87,335.55,Good
235,Coral Reef,Stable,Moderate,47.64,Indian Ocean,1.23,1901.88,11.22,145.13,Moderate
236,Deep Sea,Critical,Low,117.41,Arctic,4.5,423.75,27.76,293.22,Moderate
237,Coral Reef,Stable,High,98.15,Indian Ocean,6.22,525.53,8.86,296.08,Moderate
238,Open Ocean,Increasing,Low,194.68,Atlantic,9.4,1939.38,20.67,359.88,Good
239,Estuary,Stable,Very High,125.62,Pacific,3.46,1470.74,5.72,372.88,Poor
240,Estuary,Increasing,Moderate,76.41,Atlantic,2.87,1400.7,21.09,257.71,Moderate
241,Coastal,Critical,Low,31.68,Mediterranean,6.71,1706.59,11.93,166.16,Moderate
242,Coral Reef,Declining,Low,38.74,Arctic,6.38,236.07,16.24,418.89,Moderate
243,Coral Reef,Critical,High,52.81,Indian Ocean,3.66,1413.38,13.63,155.62,Poor
244,Coastal,Stable,High,57.68,Mediterranean,9.32,1009.86,9.32,254.25,Good
245,Coastal,Stable,Moderate,171.62,Indian Ocean,8.53,1659.16,20.55,201.23,Good
246,Coastal,Critical,Low,116.63,Pacific,2.63,1018.74,27.05,427.68,Moderate
247,Open Ocean,Critical,Low,109.44,Pacific,2.77,1242.38,28.98,216.53,Poor
248,Coral Reef,Increasing,High,31.81,Pacific,5.37,958.1,9.81,193.66,Moderate
249,Open Ocean,Stable,Low,173.43,Indian Ocean,7.85,958.93,22.93,345.22,Good
250,Coastal,Stable,Low,147.33,Mediterranean,0.92,1537.1,21.61,301.62,Moderate
251,Coral Reef,Critical,Low,22.86,Pacific,7.09,1258.99,13.58,54.52,Moderate
252,Open Ocean,Declining,High,144.49,Mediterranean,6.66,1268.36,5.48,254.58,Moderate
253,Open Ocean,Stable,Moderate,113.27,Indian Ocean,2.7,903.31,22.24,368.0,Good
254,Coastal,Declining,Very High,25.53,Mediterranean,6.97,1064.56,28.64,496.05,Moderate
255,Coral Reef,Critical,Moderate,97.08,Indian Ocean,9.43,1492.71,20.8,314.94,Good
256,Coastal,Critical,Very High,102.09,Indian Ocean,0.94,1652.75,15.88,185.78,Poor
257,Coral Reef,Increasing,Low,41.5,Arctic,3.54,1394.64,18.13,113.85,Moderate
258,Estuary,Stable,Moderate,189.68,Indian Ocean,4.66,1848.53,9.99,436.54,Good
259,Deep Sea,Declining,Very High,171.5,Indian Ocean,9.04,1641.55,23.76,407.47,Moderate
260,Deep Sea,Increasing,High,137.11,Atlantic,9.64,1125.92,23.66,117.73,Moderate
261,Deep Sea,Stable,High,97.84,Pacific,4.72,1344.46,8.64,101.12,Poor
262,Coastal,Increasing,Moderate,88.24,Arctic,7.63,1852.99,26.95,357.85,Good
263,Estuary,Critical,Moderate,133.68,Arctic,5.55,1240.24,11.73,158.16,Poor
264,Coral Reef,Stable,Low,113.63,Arctic,5.61,1650.49,29.56,153.89,Good
265,Open Ocean,Increasing,Moderate,21.83,Atlantic,3.14,1379.18,14.57,76.99,Moderate
266,Coral Reef,Increasing,Low,107.38,Indian Ocean,2.56,1106.11,9.45,132.72,Good
267,Open Ocean,Declining,Low,163.22,Pacific,3.24,487.47,13.79,214.33,Moderate
268,Coral Reef,Increasing,High,97.26,Mediterranean,5.79,854.87,16.0,366.69,Good
269,Estuary,Stable,High,19.87,Indian Ocean,0.78,1935.65,6.73,168.82,Moderate
270,Open Ocean,Stable,Very High,159.39,Atlantic,9.12,1317.24,19.46,164.97,Moderate
271,Coastal,Declining,High,48.26,Indian Ocean,1.98,1130.97,19.94,143.17,Poor
272,Coral Reef,Stable,High,59.14,Indian Ocean,2.59,1866.25,23.47,239.66,Moderate
273,Coral Reef,Critical,Moderate,41.29,Atlantic,5.42,1175.09,5.73,91.14,Poor
274,Open Ocean,Stable,High,72.74,Arctic,7.25,1054.53,18.53,243.33,Moderate
275,Coastal,Stable,Very High,153.78,Arctic,1.41,1519.83,6.32,352.38,Poor
276,Coastal,Increasing,Moderate,108.68,Pacific,3.52,1426.77,22.53,15.87,Moderate
277,Estuary,Increasing,Very High,48.93,Pacific,9.7,390.35,6.39,5.88,Moderate
278,Coastal,Stable,High,176.79,Arctic,2.99,945.26,27.79,38.49,Poor
279,Coastal,Declining,Very High,177.12,Mediterranean,3.47,947.67,22.55,268.29,Poor
280,Coastal,Increasing,Moderate,175.41,Indian Ocean,8.45,759.56,17.68,427.37,Good
281,Deep Sea,Declining,Low,55.37,Mediterranean,0.98,1037.0,16.04,3.44,Moderate
282,Estuary,Stable,Very High,95.74,Indian Ocean,4.91,829.15,8.27,468.39,Moderate
283,Coral Reef,Stable,Very High,197.15,Arctic,4.11,402.69,12.27,54.03,Poor
284,Open Ocean,Critical,Moderate,156.68,Pacific,3.51,827.67,26.72,421.15,Moderate
285,Coral Reef,Increasing,Moderate,15.16,Pacific,3.21,149.19,27.61,241.94,Moderate
286,Estuary,Stable,Very High,22.39,Mediterranean,1.37,1153.69,5.02,330.02,Poor
287,Open Ocean,Critical,High,98.15,Pacific,3.49,1708.04,19.85,255.83,Poor
288,Estuary,Increasing,Very High,182.75,Arctic,0.91,1451.95,22.98,239.05,Moderate
289,Coastal,Stable,Moderate,112.35,Mediterranean,7.92,723.99,20.47,417.61,Good
290,Open Ocean,Stable,Low,104.58,Indian Ocean,4.28,178.71,7.04,378.19,Good
291,Coastal,Increasing,Low,30.04,Pacific,4.72,408.29,10.44,242.22,Good
292,Coral Reef,Increasing,High,134.79,Atlantic,8.99,1093.25,11.26,56.71,Moderate
293,Coral Reef,Increasing,Very High,166.2,Pacific,6.75,418.08,25.79,58.59,Poor
294,Open Ocean,Stable,Low,82.28,Indian Ocean,0.58,1090.23,16.58,400.97,Good
295,Open Ocean,Stable,Very High,157.37,Mediterranean,9.46,467.04,17.17,265.17,Moderate
296,Estuary,Critical,Moderate,193.25,Indian Ocean,2.75,1698.6,28.37,241.31,Poor
297,Estuary,Declining,Low,48.72,Atlantic,1.52,797.56,20.93,340.6,Moderate
298,Coastal,Increasing,High,109.43,Arctic,7.8,494.87,27.47,429.56,Good
299,Open Ocean,Stable,Moderate,64.56,Pacific,5.25,1625.59,16.41,314.81,Good
300,Coral Reef,Stable,High,160.64,Mediterranean,4.62,688.96,8.74,381.66,Moderate
301,Estuary,Increasing,Moderate,119.74,Arctic,2.87,227.42,28.25,382.87,Moderate
302,Estuary,Declining,Low,130.57,Indian Ocean,5.7,1142.97,16.47,178.77,Moderate
303,Coral Reef,Increasing,High,161.6,Mediterranean,3.11,1165.22,9.54,137.77,Moderate
304,Estuary,Declining,High,85.23,Arctic,9.07,1430.82,12.56,400.78,Good
305,Coastal,Stable,Moderate,183.87,Mediterranean,2.54,484.24,6.27,189.21,Moderate
306,Open Ocean,Declining,High,111.28,Atlantic,8.9,890.32,16.71,451.76,Moderate
307,Coral Reef,Critical,Moderate,40.01,Atlantic,5.81,568.32,26.33,35.78,Poor
308,Open Ocean,Stable,Moderate,142.22,Pacific,8.37,166.5,28.34,30.05,Moderate
309,Estuary,Critical,Moderate,160.72,Pacific,7.27,1753.84,28.32,463.58,Moderate
310,Estuary,Increasing,Moderate,70.18,Atlantic,7.12,1459.1,8.13,324.58,Good
311,Coral Reef,Increasing,Low,172.86,Mediterranean,3.58,606.42,14.55,190.42,Good
312,Coastal,Increasing,Moderate,182.17,Atlantic,2.72,1200.75,5.71,377.78,Moderate
313,Deep Sea,Declining,Very High,62.61,Pacific,2.5,406.52,26.38,336.49,Poor
314,Coral Reef,Stable,High,196.87,Atlantic,8.64,1781.02,13.97,266.07,Good
315,Deep Sea,Increasing,Very High,36.74,Atlantic,8.29,234.24,20.78,50.34,Moderate
316,Deep Sea,Increasing,Low,48.38,Mediterranean,4.69,12.66,22.87,406.28,Good
317,Coastal,Stable,Very High,45.0,Arctic,1.76,1006.51,15.75,433.15,Moderate
318,Deep Sea,Increasing,High,179.86,Pacific,4.13,1168.34,12.66,86.91,Moderate
319,Deep Sea,Critical,Very High,134.32,Mediterranean,6.38,1160.04,29.06,425.41,Moderate
320,Coastal,Stable,Low,38.9,Atlantic,4.82,113.75,29.11,439.05,Good
321,Deep Sea,Stable,Moderate,93.66,Atlantic,7.91,631.52,12.24,275.16,Good
322,Deep Sea,Stable,Very High,126.91,Arctic,9.98,1000.9,16.99,328.43,Moderate
323,Deep Sea,Critical,Low,25.86,Pacific,2.32,437.08,29.32,191.74,Moderate
324,Coral Reef,Stable,Low,177.66,Pacific,4.87,1745.89,5.12,141.61,Moderate
325,Coral Reef,Critical,High,162.68,Indian Ocean,4.59,178.78,15.32,361.27,Moderate
326,Coral Reef,Stable,High,105.99,Pacific,3.39,977.33,7.51,431.08,Moderate
327,Coastal,Declining,Very High,193.75,Arctic,2.38,1384.38,17.73,327.38,Poor
328,Estuary,Increasing,Moderate,89.37,Indian Ocean,1.12,527.19,5.62,256.28,Moderate
329,Deep Sea,Declining,Low,196.98,Indian Ocean,8.93,1250.36,15.17,80.3,Moderate
330,Deep Sea,Increasing,Very High,136.9,Atlantic,4.49,1659.62,10.52,27.68,Poor
331,Coastal,Critical,Low,130.59,Atlantic,5.22,384.72,18.33,223.4,Moderate
332,Deep Sea,Declining,Low,41.53,Pacific,9.21,1834.86,29.9,25.63,Good
333,Coral Reef,Stable,Moderate,177.57,Indian Ocean,7.87,1109.35,25.01,285.1,Good
334,Estuary,Increasing,Moderate,91.22,Atlantic,1.74,601.97,26.14,191.98,Good
335,Open Ocean,Increasing,Very High,40.82,Arctic,5.87,864.56,20.88,378.84,Moderate
336,Deep Sea,Declining,Moderate,12.4,Atlantic,4.7,627.82,6.04,153.52,Moderate
337,Coral Reef,Critical,Moderate,116.35,Atlantic,8.07,1451.6,10.17,296.9,Moderate
338,Open Ocean,Declining,Very High,110.21,Indian Ocean,7.38,1593.62,28.13,269.3,Moderate
339,Estuary,Critical,Moderate,146.68,Indian Ocean,7.06,1666.71,14.15,3.35,Moderate
340,Open Ocean,Critical,High,179.15,Mediterranean,3.74,1971.61,7.59,37.12,Poor
341,Coral Reef,Increasing,Low,25.09,Arctic,8.15,1583.61,22.56,145.89,Good
342,Open Ocean,Declining,Low,148.98,Indian Ocean,1.0,1204.76,12.49,441.24,Moderate
343,Coastal,Declining,Low,45.61,Pacific,2.02,681.74,11.72,74.36,Poor
344,Open Ocean,Critical,Low,173.05,Arctic,3.69,1091.47,29.95,355.74,Moderate
345,Deep Sea,Declining,Very High,165.62,Arctic,1.23,86.93,26.45,486.71,Poor
346,Deep Sea,Stable,Low,112.75,Indian Ocean,2.73,1490.93,15.2,395.49,Good
347,Coastal,Stable,Low,144.95,Arctic,8.39,894.68,29.51,122.23,Good
348,Coral Reef,Declining,Low,69.73,Indian Ocean,9.51,44.95,21.25,454.27,Good
349,Deep Sea,Declining,Low,99.52,Atlantic,3.39,129.7,23.55,47.46,Moderate
350,Estuary,Critical,High,166.11,Mediterranean,3.01,778.0,5.79,234.6,Poor
351,Deep Sea,Stable,Low,97.26,Atlantic,3.16,1168.93,8.04,443.88,Good
352,Deep Sea,Stable,High,77.98,Indian Ocean,3.14,931.09,20.83,320.99,Moderate
353,Coral Reef,Increasing,Very High,103.9,Indian Ocean,0.84,1240.31,27.48,207.41,Poor
354,Open Ocean,Critical,Moderate,167.37,Atlantic,9.31,963.19,20.59,147.11,Moderate
355,Deep Sea,Increasing,Low,73.69,Pacific,2.53,1325.1,8.35,188.17,Moderate
356,Coastal,Stable,Moderate,43.01,Pacific,4.49,442.16,7.89,254.96,Moderate
357,Open Ocean,Critical,Moderate,145.28,Pacific,0.59,230.12,26.1,160.2,Moderate
358,Estuary,Declining,Very High,166.94,Indian Ocean,8.65,1194.89,8.48,484.51,Moderate
359,Coral Reef,Critical,Moderate,29.12,Arctic,7.45,971.96,18.01,466.61,Moderate
360,Estuary,Declining,High,55.58,Indian Ocean,9.49,58.6,5.93,435.47,Good
361,Open Ocean,Declining,Moderate,36.97,Arctic,7.93,764.06,7.02,211.49,Good
362,Open Ocean,Critical,Moderate,76.11,Atlantic,3.48,216.72,21.81,345.96,Moderate
363,Open Ocean,Declining,Moderate,95.57,Mediterranean,2.85,1065.06,22.23,451.51,Moderate
364,Estuary,Increasing,Low,152.28,Arctic,7.13,794.58,13.54,425.36,Good
365,Open Ocean,Stable,Low,133.72,Pacific,3.96,1228.24,10.39,207.75,Good
366,Estuary,Declining,High,127.98,Indian Ocean,5.88,1612.18,25.34,57.08,Poor
367,Open Ocean,Increasing,High,76.95,Atlantic,0.56,602.84,10.43,38.74,Poor
368,Coastal,Declining,Low,169.88,Pacific,1.09,1924.39,18.55,288.95,Moderate
369,Open Ocean,Stable,High,99.54,Atlantic,5.59,1073.59,29.21,321.67,Good
370,Estuary,Increasing,Low,196.03,Mediterranean,5.88,1238.49,8.7,425.07,Good
371,Deep Sea,Stable,Very High,130.49,Indian Ocean,7.64,1362.94,28.52,146.96,Moderate
372,Open Ocean,Stable,Moderate,33.99,Indian Ocean,1.75,1335.13,9.57,84.57,Poor
373,Deep Sea,Increasing,Moderate,138.47,Mediterranean,5.38,1024.39,19.19,190.12,Good
374,Coastal,Increasing,High,71.77,Indian Ocean,2.35,860.38,14.43,177.43,Moderate
375,Coral Reef,Increasing,Low,140.4,Arctic,1.39,112.3,29.12,67.1,Moderate
376,Coastal,Critical,Low,23.23,Atlantic,4.4,49.06,11.84,336.47,Moderate
377,Open Ocean,Increasing,High,43.23,Pacific,2.05,719.13,14.99,254.84,Moderate
378,Deep Sea,Increasing,Low,172.59,Mediterranean,2.61,670.65,29.57,360.84,Good
379,Deep Sea,Increasing,Very High,53.16,Arctic,3.52,778.45,18.41,176.99,Moderate
380,Estuary,Increasing,Moderate,169.04,Pacific,2.96,281.04,17.57,163.53,Moderate
381,Deep Sea,Declining,High,63.06,Pacific,1.33,1477.65,11.44,236.82,Poor
382,Estuary,Critical,High,132.15,Mediterranean,1.35,1714.64,22.53,438.83,Poor
383,Coral Reef,Stable,Low,141.89,Arctic,2.34,1877.74,5.36,21.1,Moderate
384,Open Ocean,Increasing,High,107.4,Pacific,0.98,987.26,6.24,402.61,Moderate
385,Estuary,Declining,Very High,68.01,Pacific,6.45,1403.23,19.98,185.12,Poor
386,Coral Reef,Declining,Low,50.4,Arctic,3.23,1711.82,13.54,427.45,Good
387,Deep Sea,Declining,Low,16.31,Indian Ocean,3.16,839.49,28.83,401.3,Good
388,Deep Sea,Stable,Low,67.75,Pacific,3.65,622.28,27.58,175.03,Moderate
389,Coral Reef,Increasing,Low,134.1,Atlantic,6.8,1873.77,22.84,347.24,Good
390,Deep Sea,Critical,Very High,188.28,Arctic,8.77,1033.77,25.45,80.66,Poor
391,Coral Reef,Critical,Low,175.53,Pacific,7.71,997.02,21.68,448.24,Moderate
392,Estuary,Declining,High,155.55,Mediterranean,7.41,360.94,8.14,202.84,Moderate
393,Estuary,Stable,Very High,159.8,Atlantic,5.1,220.77,24.14,228.36,Poor
394,Coral Reef,Stable,Moderate,136.35,Pacific,7.09,1685.0,10.25,353.17,Good
395,Estuary,Stable,Moderate,59.45,Atlantic,5.75,1230.2,13.09,410.6,Moderate
396,Estuary,Critical,High,182.37,Atlantic,2.55,655.02,25.48,118.94,Poor
397,Estuary,Declining,High,137.44,Indian Ocean,2.48,387.51,18.41,331.01,Moderate
398,Coastal,Increasing,Very High,116.48,Atlantic,3.32,1113.22,26.5,196.61,Moderate
399,Open Ocean,Critical,Moderate,31.09,Indian Ocean,9.15,1169.92,10.33,184.98,Moderate
400,Deep Sea,Declining,Moderate,94.94,Arctic,5.7,417.95,20.19,345.32,Good
401,Coastal,Declining,Moderate,97.47,Indian Ocean,7.47,1703.55,7.09,194.2,Good
402,Estuary,Increasing,Moderate,174.27,Mediterranean,3.79,173.11,21.08,173.71,Good
403,Coral Reef,Increasing,Moderate,113.86,Pacific,4.37,715.41,24.06,418.11,Good
404,Estuary,Increasing,Low,82.28,Arctic,1.69,1362.37,19.62,51.54,Moderate
405,Open Ocean,Stable,High,195.59,Arctic,2.13,551.87,11.66,338.27,Moderate
406,Estuary,Increasing,Low,31.04,Mediterranean,8.36,1656.21,5.78,125.11,Good
407,Coral Reef,Declining,Moderate,90.28,Indian Ocean,6.06,1481.04,7.99,8.73,Poor
408,Open Ocean,Increasing,Very High,17.98,Pacific,3.71,1579.1,20.56,84.22,Poor
409,Estuary,Declining,Very High,150.58,Indian Ocean,8.13,242.62,28.36,303.72,Moderate
410,Open Ocean,Critical,Moderate,184.43,Atlantic,2.84,285.39,10.16,354.85,Poor
411,Deep Sea,Stable,Moderate,63.21,Indian Ocean,9.77,576.52,23.38,11.51,Moderate
412,Deep Sea,Critical,Very High,173.08,Arctic,3.78,1038.56,26.66,19.18,Poor
413,Estuary,Critical,Low,65.52,Pacific,3.7,1497.29,18.02,451.37,Moderate
414,Open Ocean,Declining,Low,183.05,Indian Ocean,3.46,1673.88,21.73,37.58,Moderate
415,Coral Reef,Critical,Moderate,153.25,Pacific,1.66,1410.15,25.38,447.2,Moderate
416,Estuary,Declining,Low,162.93,Pacific,1.56,1857.55,11.52,114.85,Moderate
417,Deep Sea,Increasing,Very High,13.42,Atlantic,6.66,1478.79,12.42,370.27,Good
418,Deep Sea,Increasing,Low,192.93,Atlantic,8.81,616.0,5.02,155.56,Good
419,Estuary,Declining,Moderate,148.07,Arctic,8.01,533.84,29.08,429.52,Good
420,Open Ocean,Increasing,Very High,67.9,Mediterranean,1.84,1393.9,27.94,350.53,Moderate
421,Deep Sea,Stable,Low,167.58,Pacific,5.68,389.78,24.11,201.5,Good
422,Open Ocean,Critical,High,63.49,Mediterranean,1.5,189.97,6.98,39.07,Poor
423,Deep Sea,Stable,Very High,175.82,Arctic,0.93,1066.78,16.19,366.62,Moderate
424,Deep Sea,Critical,Very High,31.39,Pacific,6.74,1644.17,7.55,308.83,Poor
425,Coastal,Increasing,High,143.7,Pacific,5.58,207.25,5.4,2.45,Moderate
426,Deep Sea,Stable,High,112.73,Mediterranean,1.28,1584.82,20.4,5.7,Poor
427,Coral Reef,Increasing,Very High,28.34,Indian Ocean,0.83,1624.09,29.02,404.59,Moderate
428,Estuary,Critical,High,55.96,Atlantic,9.9,967.14,27.57,130.44,Moderate
429,Estuary,Declining,Moderate,12.36,Indian Ocean,0.79,119.33,22.42,318.43,Moderate
430,Open Ocean,Declining,Moderate,99.07,Mediterranean,4.72,353.31,7.42,227.65,Moderate
431,Deep Sea,Stable,Moderate,67.24,Atlantic,5.29,1416.32,11.85,431.85,Moderate
432,Coral Reef,Increasing,Very High,123.69,Indian Ocean,1.61,1425.0,13.0,458.56,Moderate
433,Open Ocean,Increasing,High,66.48,Atlantic,2.11,1797.22,24.08,498.41,Moderate
434,Coastal,Stable,High,66.98,Pacific,3.84,1167.46,25.06,77.69,Poor
435,Open Ocean,Declining,Low,151.21,Indian Ocean,7.74,252.59,14.63,431.62,Good
436,Open Ocean,Critical,Low,19.15,Atlantic,5.32,247.22,15.45,133.74,Moderate
437,Deep Sea,Stable,High,181.55,Atlantic,6.56,1443.66,6.11,295.82,Moderate
438,Coastal,Critical,High,171.93,Atlantic,9.86,371.65,12.23,253.38,Poor
439,Open Ocean,Declining,High,136.88,Indian Ocean,7.8,660.13,16.28,9.98,Poor
440,Coral Reef,Increasing,Very High,122.71,Arctic,4.63,976.99,7.92,466.45,Moderate
441,Coral Reef,Declining,High,179.54,Indian Ocean,4.74,54.41,16.33,40.09,Poor
442,Estuary,Stable,Low,45.21,Mediterranean,6.38,501.39,26.33,344.42,Good
443,Coastal,Increasing,Very High,25.0,Indian Ocean,6.82,818.74,19.53,392.72,Moderate
444,Coastal,Stable,High,55.51,Atlantic,5.26,562.87,6.97,397.85,Moderate
445,Estuary,Stable,Low,160.97,Pacific,6.63,277.06,9.79,68.61,Moderate
446,Open Ocean,Declining,Very High,16.59,Indian Ocean,0.72,1457.38,16.86,224.34,Poor
447,Coastal,Stable,High,120.73,Indian Ocean,4.58,1627.23,14.04,414.89,Moderate
448,Coral Reef,Declining,High,199.13,Atlantic,3.15,518.67,13.97,152.04,Poor
449,Coral Reef,Increasing,High,172.58,Pacific,1.73,1549.97,18.23,234.41,Moderate
450,Deep Sea,Declining,Very High,109.07,Pacific,1.45,774.18,19.61,137.12,Poor
451,Coastal,Increasing,Low,22.09,Mediterranean,6.23,1015.84,24.92,232.31,Good
452,Open Ocean,Declining,Low,167.96,Indian Ocean,5.47,1712.72,13.52,444.03,Good
453,Estuary,Critical,Moderate,123.81,Pacific,2.91,1501.16,25.14,228.11,Poor
454,Estuary,Critical,High,31.84,Pacific,4.97,1611.21,13.47,278.4,Poor
455,Open Ocean,Stable,Moderate,27.83,Arctic,5.18,278.01,6.39,202.58,Moderate
456,Deep Sea,Declining,Moderate,182.83,Arctic,2.35,144.09,18.85,230.6,Poor
457,Estuary,Declining,Low,137.15,Pacific,6.69,1787.34,19.7,8.57,Moderate
458,Coastal,Increasing,Very High,167.56,Mediterranean,7.92,778.73,28.36,142.59,Moderate
459,Deep Sea,Stable,Very High,177.01,Pacific,8.02,579.32,23.15,218.85,Moderate
460,Coastal,Declining,Low,118.64,Atlantic,6.22,1450.77,27.94,317.26,Moderate
461,Coral Reef,Stable,Very High,108.31,Indian Ocean,5.36,1673.65,27.71,225.58,Moderate
462,Deep Sea,Critical,Moderate,91.78,Mediterranean,1.08,1725.67,20.11,169.57,Poor
463,Estuary,Declining,High,70.22,Atlantic,3.23,635.41,18.19,194.66,Poor
464,Deep Sea,Declining,Low,92.57,Mediterranean,1.39,1705.16,18.94,121.9,Poor
465,Deep Sea,Stable,High,157.04,Atlantic,9.66,86.66,29.46,462.32,Moderate
466,Deep Sea,Declining,Very High,124.37,Indian Ocean,1.78,104.07,24.33,261.35,Poor
467,Deep Sea,Stable,High,179.58,Indian Ocean,1.94,1248.92,7.66,7.69,Moderate
468,Coastal,Declining,Very High,94.24,Arctic,8.95,130.9,24.46,10.7,Poor
469,Coral Reef,Increasing,Very High,125.35,Atlantic,9.47,652.6,9.26,486.51,Moderate
470,Open Ocean,Stable,Moderate,129.95,Arctic,7.78,1347.15,16.18,111.5,Moderate
471,Deep Sea,Declining,Very High,122.42,Atlantic,0.55,677.85,10.26,403.0,Poor
472,Estuary,Critical,Moderate,143.5,Arctic,0.51,363.3,22.24,30.08,Poor
473,Deep Sea,Declining,Moderate,55.11,Indian Ocean,4.09,566.29,26.93,460.66,Moderate
474,Estuary,Critical,Moderate,107.35,Mediterranean,1.86,917.86,12.26,437.33,Moderate
475,Coastal,Critical,Low,29.8,Arctic,0.67,953.39,7.05,285.98,Moderate
476,Estuary,Increasing,Low,83.06,Atlantic,4.91,1567.09,12.46,5.49,Good
477,Open Ocean,Stable,Very High,102.66,Atlantic,9.46,1501.56,21.81,129.65,Moderate
478,Coral Reef,Declining,Moderate,133.92,Indian Ocean,3.58,916.35,13.22,204.0,Poor
479,Estuary,Increasing,Low,190.6,Atlantic,6.78,1692.11,11.95,230.57,Good
480,Estuary,Declining,Moderate,124.12,Pacific,6.7,232.9,9.61,149.54,Poor
481,Coral Reef,Critical,High,151.28,Mediterranean,2.89,514.43,17.44,17.44,Poor
482,Open Ocean,Stable,High,106.19,Arctic,6.68,1656.81,11.9,295.47,Moderate
483,Deep Sea,Declining,High,130.48,Mediterranean,2.52,759.1,23.28,262.55,Poor
484,Estuary,Declining,Very High,23.48,Indian Ocean,1.66,1962.46,6.92,142.22,Poor
485,Coral Reef,Critical,Moderate,58.33,Arctic,7.16,935.18,21.6,19.95,Poor
486,Coastal,Declining,High,78.75,Arctic,1.58,1584.91,10.94,497.3,Moderate
487,Coral Reef,Declining,Low,99.77,Pacific,9.97,807.6,17.23,241.51,Moderate
488,Coastal,Critical,High,18.67,Indian Ocean,2.24,852.78,12.15,378.25,Poor
489,Open Ocean,Increasing,High,36.6,Atlantic,6.14,768.85,23.07,226.7,Moderate
490,Deep Sea,Critical,High,62.59,Pacific,4.41,1439.56,28.63,22.54,Poor
491,Coral Reef,Increasing,Very High,194.59,Pacific,1.7,1097.3,27.93,155.49,Moderate
492,Estuary,Stable,Low,72.96,Mediterranean,0.76,1887.84,19.59,160.73,Good
493,Open Ocean,Increasing,Moderate,101.59,Mediterranean,6.42,505.53,16.57,419.34,Good
494,Coral Reef,Increasing,Low,47.26,Mediterranean,8.16,205.62,25.46,327.46,Good
495,Estuary,Stable,Moderate,126.05,Pacific,8.5,789.56,22.08,138.44,Moderate
496,Coral Reef,Increasing,Very High,63.33,Atlantic,5.09,1235.34,9.59,483.9,Moderate
497,Coastal,Critical,Very High,49.33,Arctic,7.89,1722.29,25.52,161.45,Moderate
498,Coral Reef,Increasing,Very High,108.15,Mediterranean,6.89,695.66,15.72,499.12,Moderate
499,Coral Reef,Stable,Very High,11.05,Atlantic,7.38,1309.3,9.72,498.09,Moderate
500,Coral Reef,Critical,Moderate,11.46,Indian Ocean,5.18,703.65,12.04,96.41,Poor
501,Open Ocean,Stable,High,51.62,Mediterranean,6.52,1236.35,11.69,157.06,Moderate
502,Coral Reef,Stable,Moderate,16.98,Arctic,8.15,1770.19,17.98,243.54,Good
503,Estuary,Declining,Low,30.52,Indian Ocean,4.28,466.56,10.86,332.39,Good
504,Coastal,Declining,Very High,74.38,Indian Ocean,8.16,811.46,8.09,264.5,Poor
505,Coastal,Stable,Very High,162.49,Arctic,6.12,1986.56,8.09,484.75,Moderate
506,Coral Reef,Stable,Low,118.69,Mediterranean,2.08,1737.77,19.58,362.27,Moderate
507,Open Ocean,Stable,Moderate,107.41,Pacific,0.73,1131.46,23.37,106.81,Moderate
508,Open Ocean,Declining,High,65.76,Arctic,3.95,1035.67,13.04,53.44,Poor
509,Estuary,Declining,High,187.03,Arctic,5.69,572.78,5.87,344.51,Moderate
510,Coral Reef,Increasing,Low,85.43,Arctic,8.48,1036.83,8.18,80.07,Good
511,Coastal,Increasing,High,26.55,Indian Ocean,1.71,1697.12,27.87,394.05,Moderate
512,Open Ocean,Stable,Moderate,127.24,Atlantic,8.1,1371.92,17.34,156.21,Moderate
513,Coral Reef,Critical,Moderate,31.63,Pacific,8.7,583.64,16.34,164.12,Moderate
514,Open Ocean,Critical,Low,75.59,Mediterranean,1.93,406.92,5.95,6.39,Moderate
515,Open Ocean,Declining,Moderate,106.41,Mediterranean,8.59,534.09,23.22,350.8,Good
516,Coastal,Declining,Very High,176.1,Atlantic,9.92,343.67,18.2,57.52,Poor
517,Deep Sea,Declining,Low,103.77,Arctic,7.4,195.8,10.05,386.67,Good
518,Estuary,Stable,Moderate,143.43,Pacific,7.96,841.18,7.75,246.44,Good
519,Estuary,Critical,Low,198.64,Mediterranean,9.95,231.03,14.58,392.36,Good
520,Coastal,Increasing,High,34.98,Mediterranean,6.25,347.97,25.93,292.38,Moderate
521,Open Ocean,Stable,Moderate,62.2,Arctic,3.42,1096.91,26.63,42.13,Moderate
522,Coral Reef,Increasing,Very High,84.97,Atlantic,8.46,333.38,20.07,383.06,Good
523,Open Ocean,Increasing,Moderate,90.15,Pacific,6.34,132.44,23.19,35.83,Good
524,Coastal,Stable,Low,88.09,Atlantic,6.02,638.19,7.88,239.87,Moderate
525,Estuary,Increasing,Low,182.45,Atlantic,2.91,444.54,19.7,87.0,Moderate
526,Open Ocean,Critical,Moderate,145.67,Pacific,7.69,1033.03,21.67,376.42,Moderate
527,Estuary,Increasing,Very High,125.5,Pacific,1.28,209.22,10.02,455.88,Moderate
528,Coral Reef,Critical,Very High,68.78,Mediterranean,9.28,1504.78,27.0,277.51,Poor
529,Estuary,Critical,Very High,166.52,Mediterranean,3.6,1812.94,9.87,264.05,Poor
530,Estuary,Critical,Low,191.46,Pacific,1.71,1488.15,12.84,382.22,Moderate
531,Deep Sea,Declining,Moderate,166.03,Indian Ocean,4.7,1067.99,20.51,3.53,Poor
532,Deep Sea,Increasing,High,10.3,Mediterranean,0.9,1722.03,20.96,458.96,Moderate
533,Deep Sea,Stable,Low,130.92,Indian Ocean,7.0,1391.36,22.48,99.53,Good
534,Estuary,Stable,Very High,19.72,Pacific,9.08,26.05,7.8,492.08,Moderate
535,Coastal,Increasing,Moderate,58.95,Mediterranean,8.45,791.21,26.24,368.39,Good
536,Estuary,Declining,Very High,21.31,Atlantic,1.71,1702.65,18.32,387.35,Poor
537,Coastal,Declining,High,124.72,Pacific,1.7,694.99,16.78,328.45,Moderate
538,Coastal,Critical,Very High,140.45,Arctic,8.23,75.25,29.53,236.36,Poor
539,Deep Sea,Increasing,Very High,31.75,Indian Ocean,9.28,1493.63,23.51,286.24,Moderate
540,Open Ocean,Increasing,High,82.93,Pacific,4.88,1605.07,7.95,24.16,Moderate
541,Coral Reef,Stable,Moderate,96.68,Pacific,5.24,325.38,23.91,312.36,Moderate
542,Deep Sea,Increasing,Low,80.12,Mediterranean,3.52,1076.99,7.38,313.42,Good
543,Deep Sea,Declining,Moderate,32.99,Mediterranean,9.0,387.95,5.69,445.71,Good
544,Open Ocean,Increasing,High,89.6,Mediterranean,6.63,1439.87,15.09,253.32,Moderate
545,Coral Reef,Stable,Very High,152.72,Arctic,3.24,546.74,29.84,39.5,Poor
546,Estuary,Critical,Moderate,23.49,Mediterranean,3.34,635.85,9.37,153.79,Poor
547,Estuary,Stable,Low,25.23,Pacific,8.97,1690.72,21.82,328.16,Good
548,Deep Sea,Stable,High,77.41,Mediterranean,0.63,955.26,9.33,120.39,Poor
549,Coral Reef,Critical,Moderate,188.93,Atlantic,3.57,1341.16,23.12,140.98,Poor
550,Deep Sea,Stable,Low,137.03,Mediterranean,5.77,807.73,17.63,410.41,Good
551,Coastal,Stable,High,138.95,Arctic,1.91,599.52,22.0,292.58,Moderate
552,Deep Sea,Increasing,Low,78.76,Atlantic,1.37,1252.83,10.07,254.76,Good
553,Deep Sea,Increasing,High,122.8,Pacific,8.25,313.94,23.64,159.91,Good
554,Estuary,Critical,Very High,11.92,Pacific,9.0,749.13,29.89,365.73,Moderate
555,Estuary,Increasing,Moderate,130.86,Indian Ocean,8.32,422.03,21.64,144.57,Moderate
556,Estuary,Increasing,Low,183.52,Atlantic,9.04,1393.11,17.34,368.79,Good
557,Coastal,Stable,High,126.39,Indian Ocean,5.75,1888.7,28.08,35.98,Moderate
558,Estuary,Declining,Low,176.0,Atlantic,8.22,1991.04,5.4,432.41,Good
559,Coral Reef,Increasing,Low,147.55,Atlantic,4.15,903.3,23.25,250.28,Good
560,Open Ocean,Declining,Moderate,32.91,Arctic,6.83,508.8,27.22,219.82,Moderate
561,Coral Reef,Increasing,Very High,181.47,Indian Ocean,9.89,888.44,6.54,305.9,Good
562,Coral Reef,Increasing,Low,22.62,Arctic,2.64,1695.3,16.25,312.47,Good
563,Estuary,Critical,High,111.45,Atlantic,4.2,415.98,10.12,66.89,Poor
564,Open Ocean,Critical,High,37.01,Pacific,5.06,1904.43,19.16,378.36,Poor
565,Open Ocean,Critical,Very High,12.22,Atlantic,1.81,687.02,21.24,138.69,Poor
566,Open Ocean,Declining,High,90.19,Arctic,1.27,1971.68,12.57,452.58,Poor
567,Coastal,Stable,Very High,66.06,Indian Ocean,8.38,1678.02,16.5,409.11,Moderate
568,Estuary,Increasing,High,102.34,Indian Ocean,9.78,1618.1,11.98,173.79,Good
569,Open Ocean,Increasing,Moderate,119.67,Arctic,4.34,639.22,14.23,404.06,Good
570,Coastal,Increasing,Low,18.31,Indian Ocean,1.33,22.51,8.99,178.84,Good
571,Deep Sea,Declining,Moderate,33.37,Mediterranean,1.13,767.36,27.14,51.37,Poor
572,Deep Sea,Critical,Low,116.14,Pacific,8.97,607.11,5.25,480.98,Good
573,Coastal,Stable,Low,75.2,Pacific,4.91,79.61,27.06,326.65,Good
574,Coastal,Declining,Low,148.54,Pacific,3.54,1013.2,19.29,228.59,Moderate
575,Estuary,Critical,Moderate,133.94,Indian Ocean,5.03,809.05,13.29,199.49,Moderate
576,Estuary,Declining,Low,170.66,Indian Ocean,3.52,1270.94,23.08,163.03,Moderate
577,Deep Sea,Stable,Moderate,141.57,Atlantic,5.15,1244.27,17.69,490.74,Good
578,Open Ocean,Critical,Very High,91.69,Atlantic,8.67,245.89,17.48,68.24,Poor
579,Deep Sea,Declining,High,137.86,Pacific,6.13,1954.05,7.75,158.09,Moderate
580,Open Ocean,Stable,High,62.32,Mediterranean,7.1,377.93,14.74,243.26,Moderate
581,Open Ocean,Increasing,Low,68.2,Atlantic,3.96,893.32,11.03,239.52,Moderate
582,Estuary,Stable,Moderate,159.91,Atlantic,7.52,978.79,5.39,236.21,Moderate
583,Coral Reef,Increasing,High,94.82,Indian Ocean,6.83,1627.06,14.0,88.72,Moderate
584,Coral Reef,Declining,Moderate,161.69,Mediterranean,1.64,202.96,7.25,73.32,Moderate
585,Coastal,Critical,Moderate,166.26,Pacific,5.94,860.15,11.42,128.13,Poor
586,Estuary,Critical,Low,172.94,Atlantic,2.94,1258.86,7.31,457.35,Moderate
587,Open Ocean,Declining,High,184.16,Mediterranean,8.14,434.24,7.52,57.41,Moderate
588,Coral Reef,Critical,Low,91.89,Mediterranean,4.55,1256.8,9.98,378.96,Moderate
589,Open Ocean,Critical,Low,70.58,Pacific,9.95,1847.71,30.0,379.02,Good
590,Coral Reef,Increasing,High,120.62,Mediterranean,1.38,1995.05,5.05,405.08,Good
591,Coral Reef,Declining,High,80.52,Mediterranean,7.91,69.74,20.97,443.42,Moderate
592,Coral Reef,Stable,Very High,124.2,Mediterranean,6.9,475.0,8.53,132.26,Poor
593,Estuary,Increasing,Very High,144.06,Atlantic,7.79,624.06,28.02,113.06,Moderate
594,Deep Sea,Declining,Moderate,140.8,Pacific,3.42,801.26,7.34,233.29,Moderate
595,Open Ocean,Increasing,High,81.17,Mediterranean,5.17,488.3,28.88,133.28,Moderate
596,Estuary,Stable,Very High,41.7,Mediterranean,8.07,410.96,20.27,367.42,Moderate
597,Estuary,Stable,Moderate,91.8,Atlantic,2.71,1909.33,5.03,318.33,Moderate
598,Estuary,Declining,Moderate,37.09,Pacific,2.65,1837.45,27.35,437.62,Moderate
599,Estuary,Stable,Moderate,179.12,Indian Ocean,5.73,98.75,18.04,42.29,Moderate
600,Estuary,Increasing,Very High,75.72,Atlantic,5.47,680.93,11.57,457.63,Moderate
601,Coastal,Stable,High,39.35,Pacific,3.18,813.27,24.18,147.38,Moderate
602,Open Ocean,Increasing,Low,14.84,Mediterranean,3.33,481.83,28.17,245.86,Good
603,Estuary,Increasing,Moderate,132.71,Pacific,3.14,1259.6,17.09,219.87,Moderate
604,Open Ocean,Stable,Very High,131.01,Pacific,7.83,1282.56,12.89,380.4,Moderate
605,Coastal,Declining,Very High,74.71,Pacific,6.69,1701.76,24.72,210.75,Poor
606,Coastal,Critical,Low,23.63,Indian Ocean,8.41,1483.03,22.04,471.83,Good
607,Open Ocean,Stable,Low,87.83,Pacific,9.77,1087.43,27.22,451.36,Good
608,Coral Reef,Increasing,Very High,69.13,Indian Ocean,5.0,1308.91,22.31,436.21,Moderate
609,Deep Sea,Increasing,High,138.65,Mediterranean,1.13,551.61,11.09,36.56,Moderate
610,Coral Reef,Stable,Low,125.1,Indian Ocean,0.96,1188.15,28.29,427.27,Good
611,Coral Reef,Declining,Very High,79.27,Mediterranean,3.31,981.01,7.62,391.04,Moderate
612,Coral Reef,Declining,Low,51.4,Mediterranean,9.36,271.02,11.7,52.65,Moderate
613,Estuary,Increasing,High,197.73,Indian Ocean,5.47,488.88,18.0,54.6,Moderate
614,Coastal,Increasing,Moderate,96.26,Atlantic,3.08,586.93,19.14,51.48,Moderate
615,Coral Reef,Declining,Low,140.77,Arctic,4.29,1849.0,5.38,6.65,Moderate
616,Coastal,Critical,High,36.71,Pacific,6.19,464.62,24.51,274.77,Poor
617,Open Ocean,Stable,Very High,102.26,Arctic,6.7,582.04,14.04,486.72,Moderate
618,Deep Sea,Increasing,Low,15.23,Pacific,1.96,741.86,15.16,219.9,Good
619,Open Ocean,Increasing,Low,106.04,Pacific,9.78,1329.17,25.23,270.84,Good
620,Open Ocean,Declining,Very High,193.16,Mediterranean,5.68,240.89,14.48,484.02,Poor
621,Estuary,Stable,Moderate,83.0,Pacific,1.79,1908.12,6.18,128.34,Poor
622,Deep Sea,Declining,Very High,17.41,Pacific,8.99,1731.81,9.41,429.38,Moderate
623,Open Ocean,Stable,Low,15.88,Indian Ocean,1.21,1156.55,28.9,273.65,Moderate
624,Open Ocean,Stable,Very High,83.72,Arctic,9.12,1349.71,6.76,285.17,Moderate
625,Deep Sea,Stable,High,40.4,Indian Ocean,9.97,38.24,13.87,172.24,Moderate
626,Deep Sea,Increasing,Very High,14.44,Pacific,7.15,681.19,17.58,281.23,Moderate
627,Open Ocean,Critical,Low,153.68,Mediterranean,7.82,1592.34,17.33,37.5,Moderate
628,Deep Sea,Declining,Very High,97.12,Indian Ocean,3.7,159.58,5.1,382.56,Moderate
629,Open Ocean,Critical,Moderate,64.96,Indian Ocean,9.44,568.22,17.53,143.06,Poor
630,Open Ocean,Declining,Very High,181.02,Atlantic,5.53,1172.67,14.59,443.92,Moderate
631,Estuary,Stable,Moderate,32.07,Pacific,7.46,516.54,29.3,184.56,Good
632,Coral Reef,Increasing,High,191.62,Mediterranean,9.28,1868.29,8.98,72.27,Moderate
633,Open Ocean,Critical,Moderate,69.65,Indian Ocean,9.76,266.46,13.85,348.24,Good
634,Coastal,Increasing,Very High,178.8,Indian Ocean,8.42,1595.8,15.49,83.12,Moderate
635,Coral Reef,Declining,Low,124.56,Mediterranean,3.38,1018.36,14.77,377.09,Moderate
636,Coral Reef,Increasing,Moderate,167.07,Pacific,9.68,1501.91,21.65,484.09,Good
637,Coral Reef,Increasing,High,196.96,Atlantic,6.47,624.88,10.39,390.0,Good
638,Estuary,Critical,Moderate,64.8,Indian Ocean,9.34,1031.41,10.53,12.2,Poor
639,Open Ocean,Stable,Moderate,192.62,Atlantic,6.92,1714.39,23.23,300.34,Moderate
640,Estuary,Increasing,Moderate,84.0,Arctic,3.42,936.42,17.51,348.01,Good
641,Open Ocean,Stable,High,83.25,Pacific,4.02,722.64,15.38,412.9,Moderate
642,Estuary,Declining,Very High,74.67,Arctic,5.73,1074.63,9.23,28.95,Poor
643,Estuary,Increasing,Moderate,112.87,Arctic,8.01,1436.14,9.69,240.57,Good
644,Coastal,Critical,Moderate,39.29,Arctic,3.52,889.91,5.26,268.15,Moderate
645,Estuary,Declining,Low,115.21,Pacific,6.01,1878.06,7.29,85.39,Moderate
646,Deep Sea,Declining,High,112.92,Pacific,3.78,593.42,18.92,161.9,Poor
647,Coastal,Critical,Moderate,154.76,Mediterranean,8.25,953.55,27.3,220.67,Moderate
648,Estuary,Increasing,High,168.39,Atlantic,4.93,1515.07,12.18,416.77,Good
649,Coral Reef,Increasing,Moderate,93.68,Atlantic,1.23,1379.8,13.19,464.77,Moderate
650,Deep Sea,Declining,Very High,67.44,Mediterranean,2.08,1727.96,7.89,314.58,Moderate
651,Deep Sea,Increasing,Very High,59.27,Mediterranean,1.08,1993.63,14.72,198.08,Poor
652,Deep Sea,Stable,Moderate,46.98,Arctic,5.24,856.58,5.93,127.76,Moderate
653,Coastal,Critical,Very High,20.95,Mediterranean,1.51,226.75,27.94,491.09,Poor
654,Estuary,Stable,Moderate,75.07,Indian Ocean,1.58,65.68,21.83,491.53,Good
655,Estuary,Increasing,Very High,61.35,Atlantic,9.44,1455.12,29.77,462.56,Good
656,Coral Reef,Declining,Low,193.62,Mediterranean,8.79,1748.66,27.07,393.05,Good
657,Coral Reef,Critical,Low,115.96,Indian Ocean,4.79,445.32,16.82,163.56,Moderate
658,Deep Sea,Increasing,Low,75.98,Indian Ocean,9.87,321.1,17.99,408.68,Good
659,Coral Reef,Increasing,High,120.29,Indian Ocean,0.5,129.1,9.76,204.99,Moderate
660,Coastal,Declining,High,36.45,Indian Ocean,6.33,1646.29,16.55,164.06,Moderate
661,Estuary,Declining,Low,94.37,Arctic,6.36,626.21,27.58,372.69,Moderate
662,Deep Sea,Stable,High,128.98,Indian Ocean,4.85,806.39,6.27,40.75,Moderate
663,Coral Reef,Critical,Very High,102.89,Arctic,4.27,1007.99,26.59,25.23,Poor
664,Coastal,Critical,Moderate,86.34,Arctic,4.83,1679.71,13.52,224.53,Moderate
665,Coastal,Declining,Moderate,198.83,Indian Ocean,4.44,1303.41,27.49,223.37,Moderate
666,Coral Reef,Stable,Moderate,177.26,Atlantic,7.44,1232.05,28.52,447.93,Good
667,Estuary,Critical,Low,128.45,Indian Ocean,1.79,355.47,21.77,63.95,Poor
668,Coral Reef,Declining,High,118.18,Indian Ocean,2.38,1028.81,21.61,62.52,Poor
669,Deep Sea,Increasing,Very High,127.93,Indian Ocean,2.21,1432.19,16.32,74.58,Poor
670,Coral Reef,Critical,Very High,48.25,Atlantic,2.99,1946.66,25.89,15.84,Poor
671,Coastal,Stable,Low,85.08,Pacific,5.49,406.81,29.04,36.79,Good
672,Coral Reef,Stable,Very High,17.5,Pacific,1.56,24.04,24.38,330.28,Moderate
673,Estuary,Stable,Very High,100.35,Arctic,8.75,155.23,20.55,216.36,Moderate
674,Open Ocean,Increasing,Very High,113.17,Arctic,3.32,754.83,20.17,382.04,Moderate
675,Coral Reef,Critical,Very High,53.27,Atlantic,2.04,1641.99,26.24,496.31,Poor
676,Estuary,Critical,High,193.17,Mediterranean,6.92,19.25,18.53,329.86,Moderate
677,Estuary,Increasing,Very High,182.8,Pacific,0.86,916.18,25.1,26.18,Poor
678,Coastal,Critical,Moderate,147.21,Arctic,6.39,661.82,17.72,53.18,Poor
679,Estuary,Increasing,Low,111.34,Pacific,7.13,109.7,6.56,440.62,Good
680,Estuary,Increasing,High,175.29,Atlantic,2.54,903.22,14.6,264.22,Moderate
681,Estuary,Increasing,Very High,34.82,Atlantic,0.9,513.22,16.11,412.59,Moderate
682,Estuary,Stable,High,160.2,Mediterranean,3.95,707.01,8.54,428.45,Moderate
683,Deep Sea,Critical,Very High,33.72,Mediterranean,1.44,1412.7,7.56,463.91,Poor
684,Deep Sea,Increasing,Moderate,160.9,Atlantic,1.61,1045.49,18.39,474.96,Good
685,Coastal,Critical,Low,62.4,Arctic,2.92,253.67,7.13,277.86,Poor
686,Coral Reef,Stable,Very High,176.65,Pacific,3.31,1923.02,12.57,171.17,Poor
687,Estuary,Increasing,Very High,189.37,Indian Ocean,5.53,1273.64,23.61,480.97,Moderate
688,Coral Reef,Declining,Very High,38.27,Mediterranean,6.94,1532.91,29.11,274.16,Poor
689,Coral Reef,Stable,Very High,97.91,Indian Ocean,6.13,163.03,22.95,33.06,Poor
690,Coastal,Declining,Low,196.39,Arctic,1.91,98.88,29.82,321.75,Moderate
691,Estuary,Critical,Low,101.85,Mediterranean,2.13,43.8,22.46,294.25,Moderate
692,Estuary,Critical,Moderate,174.07,Indian Ocean,8.85,381.64,12.34,448.0,Moderate
693,Open Ocean,Stable,Low,121.86,Arctic,5.8,831.74,21.8,326.94,Good
694,Coral Reef,Critical,Very High,81.31,Pacific,8.76,1871.97,22.55,175.18,Poor
695,Coral Reef,Declining,Moderate,64.3,Arctic,4.03,916.83,14.29,483.15,Moderate
696,Deep Sea,Increasing,Moderate,48.61,Mediterranean,6.34,584.06,5.44,401.01,Good
697,Open Ocean,Increasing,Moderate,154.74,Atlantic,5.47,1126.06,22.58,315.58,Good
698,Deep Sea,Increasing,Very High,83.44,Pacific,3.53,228.31,5.54,147.17,Poor
699,Deep Sea,Stable,High,107.14,Indian Ocean,4.96,1220.96,20.78,187.4,Moderate
700,Deep Sea,Critical,Very High,103.54,Mediterranean,5.27,1139.02,9.09,335.31,Poor
701,Coastal,Declining,Low,119.68,Atlantic,2.41,1585.03,19.14,36.92,Poor
702,Coastal,Critical,Low,174.46,Arctic,3.49,1973.44,17.6,129.08,Poor
703,Deep Sea,Critical,Very High,196.34,Atlantic,8.02,505.49,5.34,357.24,Moderate
704,Open Ocean,Critical,Very High,87.44,Mediterranean,9.2,1021.76,14.07,240.53,Poor
705,Coral Reef,Increasing,Moderate,167.23,Mediterranean,3.92,1818.19,20.03,201.79,Good
706,Open Ocean,Declining,Very High,155.26,Atlantic,3.42,1571.45,26.22,76.58,Poor
707,Estuary,Declining,Moderate,118.97,Arctic,2.35,977.38,27.22,221.48,Poor
708,Coastal,Critical,Low,191.65,Atlantic,6.95,1891.02,17.1,385.58,Moderate
709,Coral Reef,Increasing,Moderate,48.09,Mediterranean,3.57,119.19,23.21,132.74,Moderate
710,Coral Reef,Increasing,Very High,30.76,Mediterranean,9.88,1862.34,12.91,3.69,Moderate
711,Estuary,Declining,Low,172.25,Indian Ocean,3.59,105.76,13.55,334.58,Moderate
712,Estuary,Increasing,High,93.44,Indian Ocean,4.24,1096.87,9.86,486.34,Good
713,Deep Sea,Increasing,Moderate,170.92,Pacific,6.23,1781.43,19.05,303.81,Good
714,Coastal,Increasing,Low,179.69,Mediterranean,8.12,529.13,12.86,60.84,Good
715,Coastal,Stable,Moderate,21.87,Indian Ocean,4.96,947.14,7.11,161.05,Moderate
716,Open Ocean,Critical,Low,177.86,Atlantic,4.52,652.04,22.13,433.95,Good
717,Deep Sea,Declining,Low,95.18,Arctic,9.96,1904.53,22.69,117.05,Good
718,Deep Sea,Declining,Moderate,106.98,Atlantic,0.6,1648.17,14.0,304.24,Moderate
719,Deep Sea,Stable,High,129.05,Arctic,9.0,1419.46,6.92,201.93,Moderate
720,Deep Sea,Critical,Low,186.01,Indian Ocean,1.92,1177.32,15.66,104.71,Poor
721,Coastal,Declining,Low,13.63,Pacific,7.97,1642.08,16.06,406.89,Good
722,Coastal,Increasing,Low,100.6,Atlantic,6.37,787.57,21.72,371.67,Good
723,Deep Sea,Declining,High,140.67,Atlantic,3.75,897.87,12.89,331.13,Moderate
724,Open Ocean,Increasing,High,147.31,Atlantic,8.8,1461.35,22.06,118.93,Good
725,Coral Reef,Stable,Very High,141.58,Arctic,0.62,718.72,26.79,49.83,Poor
726,Coral Reef,Increasing,Moderate,35.54,Indian Ocean,2.65,132.48,10.94,288.5,Good
727,Open Ocean,Declining,High,66.89,Atlantic,5.89,153.3,29.47,277.29,Poor
728,Deep Sea,Declining,Moderate,78.16,Atlantic,3.84,235.15,14.66,95.0,Moderate
729,Coastal,Declining,Very High,162.84,Pacific,6.3,1740.01,11.68,29.07,Poor
730,Coral Reef,Stable,Moderate,62.96,Pacific,0.73,947.09,15.54,41.27,Moderate
731,Estuary,Stable,High,50.03,Indian Ocean,1.61,1427.2,7.36,496.39,Moderate
732,Estuary,Critical,Moderate,191.92,Indian Ocean,1.71,788.85,8.14,392.01,Poor
733,Open Ocean,Declining,High,11.68,Mediterranean,2.3,521.13,15.36,461.07,Moderate
734,Deep Sea,Increasing,Moderate,199.59,Pacific,4.86,697.65,24.06,98.33,Moderate
735,Coral Reef,Stable,High,138.6,Mediterranean,7.65,1589.39,27.51,480.32,Good
736,Deep Sea,Declining,High,167.41,Arctic,9.1,1252.31,21.62,72.18,Moderate
737,Coral Reef,Declining,Moderate,65.98,Mediterranean,8.44,1875.59,7.63,255.03,Moderate
738,Open Ocean,Stable,Very High,12.72,Atlantic,2.37,1361.01,21.8,415.02,Moderate
739,Open Ocean,Critical,Low,150.2,Mediterranean,4.69,1142.51,20.89,175.55,Moderate
740,Estuary,Stable,Very High,168.49,Indian Ocean,2.39,1222.34,25.14,212.99,Poor
741,Deep Sea,Stable,Moderate,150.69,Arctic,3.01,1885.03,25.63,64.96,Moderate
742,Estuary,Increasing,Very High,37.14,Atlantic,5.28,1577.46,26.71,62.34,Moderate
743,Deep Sea,Increasing,High,153.15,Mediterranean,1.15,52.96,15.35,310.16,Good
744,Estuary,Critical,Low,156.1,Arctic,2.57,1070.61,22.45,338.09,Moderate
745,Coastal,Declining,Moderate,135.12,Arctic,9.39,1378.24,11.71,388.89,Good
746,Coastal,Stable,Moderate,155.56,Atlantic,4.93,1498.65,29.98,278.78,Good
747,Coastal,Critical,Moderate,170.73,Mediterranean,4.73,430.22,9.38,323.23,Moderate
748,Coastal,Increasing,Low,126.58,Arctic,0.64,1735.02,5.25,7.75,Good
749,Coral Reef,Stable,High,26.83,Arctic,2.85,1911.91,8.72,81.92,Moderate
750,Coastal,Declining,Moderate,102.65,Pacific,8.73,477.25,24.4,492.47,Moderate
751,Open Ocean,Increasing,Very High,24.75,Arctic,2.06,1765.82,16.17,38.92,Poor
752,Open Ocean,Increasing,Moderate,87.43,Pacific,4.44,198.47,16.19,339.72,Good
753,Coral Reef,Increasing,Moderate,87.35,Mediterranean,0.64,116.14,28.88,88.87,Moderate
754,Coastal,Critical,Moderate,22.54,Mediterranean,5.04,262.8,27.99,358.64,Moderate
755,Coastal,Declining,Moderate,76.28,Mediterranean,0.7,120.19,12.78,353.29,Moderate
756,Coastal,Stable,High,31.09,Indian Ocean,8.29,1690.8,10.23,117.87,Moderate
757,Estuary,Critical,Very High,163.56,Mediterranean,8.34,122.81,26.21,135.55,Poor
758,Deep Sea,Critical,High,190.06,Arctic,7.98,546.97,27.65,327.73,Moderate
759,Estuary,Critical,Very High,23.74,Atlantic,3.19,211.99,18.54,195.65,Poor
760,Deep Sea,Increasing,Moderate,191.47,Pacific,8.45,594.37,20.74,98.08,Good
761,Coastal,Declining,Low,109.29,Indian Ocean,5.66,185.67,11.42,366.11,Good
762,Coastal,Critical,High,66.92,Mediterranean,4.05,1337.67,25.02,77.92,Poor
763,Estuary,Stable,Low,24.6,Mediterranean,6.44,270.99,20.8,427.97,Good
764,Estuary,Declining,High,105.12,Atlantic,0.62,1704.43,17.59,257.82,Poor
765,Deep Sea,Stable,Moderate,160.96,Atlantic,1.86,1635.3,6.5,53.74,Moderate
766,Open Ocean,Declining,High,144.35,Indian Ocean,7.55,32.26,27.9,347.34,Moderate
767,Deep Sea,Stable,Moderate,19.54,Pacific,2.82,1791.97,20.39,260.06,Moderate
768,Estuary,Increasing,High,23.85,Mediterranean,6.18,62.74,9.82,149.73,Moderate
769,Estuary,Critical,Moderate,86.55,Indian Ocean,4.16,483.09,20.16,211.85,Moderate
770,Coral Reef,Stable,Moderate,66.11,Arctic,8.62,69.62,21.94,149.87,Good
771,Estuary,Declining,Very High,54.15,Arctic,9.55,675.01,18.14,132.25,Poor
772,Coral Reef,Critical,Moderate,63.39,Indian Ocean,8.89,1030.16,22.95,82.64,Moderate
773,Open Ocean,Critical,Very High,162.66,Mediterranean,3.07,1594.31,19.54,182.02,Poor
774,Deep Sea,Declining,Moderate,186.55,Indian Ocean,2.34,679.27,28.69,126.24,Moderate
775,Deep Sea,Stable,Low,86.97,Mediterranean,5.01,1412.45,6.34,342.03,Good
776,Coral Reef,Increasing,Moderate,182.16,Atlantic,0.57,379.07,7.66,342.25,Moderate
777,Deep Sea,Increasing,Low,71.08,Indian Ocean,0.75,1502.44,9.34,251.42,Good
778,Estuary,Stable,Low,100.52,Mediterranean,5.76,475.81,22.25,389.19,Good
779,Coastal,Critical,Moderate,52.95,Indian Ocean,5.44,291.37,21.14,420.83,Moderate
780,Coral Reef,Critical,Low,131.69,Indian Ocean,9.95,374.89,27.3,290.3,Good
781,Deep Sea,Critical,Very High,196.01,Mediterranean,2.42,368.22,23.32,309.85,Poor
782,Coral Reef,Critical,High,124.66,Mediterranean,2.95,1028.16,17.71,142.16,Poor
783,Coral Reef,Stable,Moderate,77.98,Pacific,1.58,1690.37,29.8,447.54,Moderate
784,Coastal,Critical,Low,133.09,Indian Ocean,9.22,163.81,11.65,13.08,Moderate
785,Estuary,Declining,Moderate,33.35,Arctic,7.89,1415.38,25.83,174.95,Moderate
786,Coral Reef,Critical,Very High,178.85,Indian Ocean,8.31,1310.42,15.67,361.18,Moderate
787,Deep Sea,Increasing,Moderate,105.59,Indian Ocean,9.08,1745.68,21.22,40.96,Good
788,Open Ocean,Critical,Moderate,95.38,Mediterranean,5.49,492.07,23.18,92.4,Moderate
789,Coral Reef,Stable,Low,121.31,Indian Ocean,4.79,902.97,20.84,295.05,Moderate
790,Coral Reef,Increasing,Very High,128.71,Indian Ocean,3.64,1852.03,8.51,280.44,Moderate
791,Coastal,Stable,High,23.64,Arctic,6.1,1321.69,16.07,369.73,Moderate
792,Estuary,Stable,High,139.7,Mediterranean,4.82,780.59,19.04,406.49,Moderate
793,Open Ocean,Increasing,Low,55.97,Indian Ocean,4.79,267.17,26.23,65.16,Moderate
794,Deep Sea,Stable,Moderate,145.65,Atlantic,9.4,528.66,16.09,10.17,Moderate
795,Open Ocean,Stable,Low,166.28,Pacific,9.85,1164.52,27.97,345.13,Good
796,Deep Sea,Critical,Low,162.75,Arctic,8.07,1437.75,16.01,151.39,Moderate
797,Estuary,Declining,Low,114.98,Indian Ocean,7.69,253.22,18.72,313.37,Good
798,Deep Sea,Stable,Moderate,108.83,Atlantic,6.97,1201.2,24.91,76.12,Moderate
799,Coastal,Stable,Very High,37.15,Indian Ocean,2.08,1102.95,19.58,235.05,Poor
800,Coastal,Stable,Low,157.32,Indian Ocean,1.06,1030.34,29.01,252.71,Good
801,Coastal,Critical,Moderate,61.57,Mediterranean,7.06,1381.8,21.51,292.95,Moderate
802,Coastal,Declining,Very High,104.37,Mediterranean,7.42,1675.71,18.07,257.07,Moderate
803,Open Ocean,Increasing,Low,64.01,Mediterranean,0.95,649.36,5.59,248.35,Moderate
804,Estuary,Critical,High,35.43,Atlantic,9.32,1778.58,15.34,167.03,Moderate
805,Deep Sea,Critical,Very High,129.62,Indian Ocean,1.37,325.46,12.48,36.52,Poor
806,Deep Sea,Declining,Low,20.32,Pacific,3.22,350.18,23.7,45.67,Moderate
807,Coastal,Declining,Very High,152.24,Arctic,6.89,537.21,10.21,217.46,Moderate
808,Coastal,Critical,Very High,70.34,Mediterranean,2.11,243.46,10.13,178.54,Poor
809,Coral Reef,Increasing,Very High,10.03,Mediterranean,1.03,464.49,9.74,258.55,Moderate
810,Estuary,Critical,Very High,107.11,Indian Ocean,3.65,217.29,8.14,153.11,Poor
811,Open Ocean,Declining,Very High,18.9,Indian Ocean,7.78,1644.4,12.78,344.27,Moderate
812,Deep Sea,Increasing,Very High,62.47,Atlantic,4.43,282.24,27.15,432.11,Moderate
813,Coral Reef,Declining,Low,144.33,Atlantic,6.7,1495.86,24.37,150.13,Moderate
814,Coral Reef,Increasing,High,21.91,Mediterranean,6.01,100.59,23.38,97.3,Moderate
815,Deep Sea,Stable,Moderate,169.47,Indian Ocean,0.71,1897.3,24.93,58.97,Moderate
816,Open Ocean,Declining,Very High,10.73,Pacific,9.89,1423.76,11.74,308.51,Moderate
817,Coral Reef,Declining,Moderate,56.9,Arctic,0.89,18.56,27.19,222.48,Moderate
818,Coral Reef,Critical,Low,150.77,Indian Ocean,9.69,1528.89,8.43,94.82,Moderate
819,Estuary,Declining,Very High,70.09,Indian Ocean,5.72,1030.59,13.41,326.92,Moderate
820,Open Ocean,Declining,High,29.36,Atlantic,9.65,1559.83,19.67,75.09,Moderate
821,Coral Reef,Stable,Moderate,78.44,Arctic,1.59,1047.38,7.57,277.6,Moderate
822,Open Ocean,Declining,Very High,61.37,Mediterranean,5.16,1283.84,23.25,264.05,Moderate
823,Deep Sea,Stable,Low,170.12,Indian Ocean,2.11,1573.73,14.68,367.38,Good
824,Coastal,Stable,High,69.54,Mediterranean,0.98,813.19,24.61,28.5,Poor
825,Coral Reef,Stable,Moderate,159.9,Indian Ocean,6.37,10.4,17.32,444.05,Good
826,Estuary,Stable,Moderate,179.46,Mediterranean,2.47,1700.64,9.52,351.79,Good
827,Deep Sea,Increasing,Very High,92.43,Arctic,6.08,764.88,23.37,108.85,Moderate
828,Open Ocean,Critical,High,182.89,Atlantic,1.57,994.61,11.3,92.52,Poor
829,Deep Sea,Increasing,High,81.69,Arctic,3.65,20.49,17.27,216.4,Moderate
830,Coral Reef,Declining,High,193.17,Pacific,7.93,986.72,6.89,408.97,Good
831,Open Ocean,Increasing,High,26.97,Atlantic,4.65,1973.04,20.45,421.63,Good
832,Coastal,Increasing,Low,140.53,Arctic,6.46,560.14,21.65,260.71,Good
833,Deep Sea,Declining,High,103.82,Pacific,6.65,793.86,14.47,430.54,Moderate
834,Coral Reef,Declining,Moderate,83.65,Indian Ocean,8.52,1375.94,28.86,3.72,Moderate
835,Estuary,Declining,Moderate,130.22,Indian Ocean,3.59,1630.51,26.85,18.55,Poor
836,Open Ocean,Increasing,Low,143.73,Mediterranean,7.03,837.7,22.7,456.0,Good
837,Deep Sea,Increasing,Moderate,10.83,Atlantic,9.64,622.79,22.84,387.89,Good
838,Deep Sea,Declining,Moderate,41.72,Indian Ocean,7.44,1875.96,11.31,225.9,Moderate
839,Coastal,Critical,High,145.48,Atlantic,5.15,1355.9,21.42,377.05,Poor
840,Coastal,Critical,Moderate,136.61,Indian Ocean,6.49,242.45,9.96,477.86,Moderate
841,Estuary,Stable,Low,193.55,Mediterranean,7.53,142.51,8.6,386.27,Good
842,Estuary,Declining,High,154.6,Arctic,6.32,969.68,29.99,421.34,Moderate
843,Coral Reef,Stable,Very High,190.65,Mediterranean,0.66,444.08,20.56,380.54,Poor
844,Coral Reef,Critical,High,143.48,Pacific,2.35,511.7,15.77,84.94,Poor
845,Estuary,Stable,Low,66.63,Indian Ocean,8.2,1756.0,12.2,416.95,Good
846,Estuary,Declining,High,30.02,Pacific,3.09,183.68,20.1,98.36,Poor
847,Open Ocean,Declining,High,158.55,Pacific,7.45,1432.15,6.24,446.41,Good
848,Coastal,Declining,Low,132.39,Atlantic,4.04,545.93,7.37,229.87,Moderate
849,Coral Reef,Increasing,High,19.16,Indian Ocean,5.46,1521.85,5.82,338.81,Good
850,Coastal,Stable,Low,78.41,Pacific,1.15,1446.21,17.48,249.12,Moderate
851,Coastal,Critical,Low,191.79,Arctic,2.22,19.75,20.02,47.9,Poor
852,Estuary,Critical,Very High,105.08,Pacific,9.59,1020.73,6.56,146.07,Poor
853,Open Ocean,Critical,Moderate,92.22,Arctic,8.96,282.94,23.03,491.88,Good
854,Deep Sea,Increasing,Moderate,96.96,Atlantic,6.7,1733.12,10.76,480.4,Good
855,Open Ocean,Increasing,High,49.69,Pacific,4.87,1743.81,22.13,160.92,Moderate
856,Open Ocean,Declining,High,80.05,Mediterranean,6.92,839.6,29.55,498.15,Moderate
857,Coastal,Critical,Very High,80.26,Atlantic,6.38,891.57,22.28,422.93,Poor
858,Open Ocean,Increasing,Very High,19.95,Arctic,5.9,610.05,27.08,305.87,Moderate
859,Coral Reef,Declining,Very High,155.84,Atlantic,1.06,1434.63,28.7,21.02,Poor
860,Coastal,Critical,Low,89.14,Pacific,6.51,720.53,17.17,450.82,Good
861,Coral Reef,Stable,Very High,166.21,Indian Ocean,7.8,539.25,22.56,279.16,Moderate
862,Deep Sea,Declining,Very High,171.57,Indian Ocean,9.94,867.3,26.3,434.37,Moderate
863,Coastal,Increasing,High,50.28,Arctic,0.61,187.52,13.92,417.38,Moderate
864,Deep Sea,Increasing,Very High,134.9,Arctic,7.44,1494.47,11.53,416.67,Moderate
865,Coastal,Declining,Low,99.73,Indian Ocean,5.93,30.13,28.66,349.39,Moderate
866,Estuary,Declining,Low,177.23,Arctic,4.62,1290.75,23.16,146.42,Moderate
867,Open Ocean,Increasing,High,50.99,Atlantic,1.71,369.81,10.49,168.74,Moderate
868,Estuary,Stable,Very High,138.78,Mediterranean,4.39,468.65,16.23,154.93,Moderate
869,Deep Sea,Critical,Very High,125.47,Mediterranean,3.87,1273.09,24.91,11.0,Poor
870,Open Ocean,Stable,Low,66.11,Atlantic,3.38,1985.92,18.68,291.7,Moderate
871,Coastal,Declining,Very High,35.95,Mediterranean,7.44,1556.55,21.25,349.72,Moderate
872,Open Ocean,Stable,Very High,133.81,Pacific,7.16,455.55,23.84,427.08,Good
873,Coral Reef,Increasing,Very High,150.33,Atlantic,6.1,356.17,20.55,70.94,Poor
874,Open Ocean,Declining,Moderate,69.97,Arctic,9.42,1733.13,18.5,272.55,Moderate
875,Coral Reef,Critical,High,132.52,Atlantic,3.82,891.15,23.74,5.0,Poor
876,Open Ocean,Increasing,Moderate,85.07,Indian Ocean,2.82,278.42,23.19,48.45,Moderate
877,Coral Reef,Increasing,High,145.51,Arctic,6.73,1725.11,20.75,28.05,Moderate
878,Deep Sea,Critical,Low,47.85,Indian Ocean,2.39,1633.1,13.99,363.01,Moderate
879,Estuary,Critical,Very High,179.14,Arctic,3.49,1967.89,15.15,41.45,Poor
880,Coastal,Stable,High,64.61,Mediterranean,2.63,1819.94,29.26,358.51,Moderate
881,Open Ocean,Declining,Moderate,79.88,Atlantic,1.16,1704.32,7.81,125.56,Poor
882,Estuary,Critical,Very High,21.04,Pacific,8.36,109.89,11.71,438.98,Moderate
883,Coastal,Critical,Low,31.19,Arctic,2.92,213.31,17.31,406.76,Moderate
884,Coastal,Declining,High,108.01,Arctic,4.99,1140.12,25.92,478.96,Moderate
885,Coral Reef,Critical,High,60.84,Indian Ocean,0.91,1065.3,9.09,442.0,Poor
886,Deep Sea,Critical,High,168.74,Mediterranean,7.14,918.64,11.92,466.73,Moderate
887,Deep Sea,Stable,Very High,12.79,Indian Ocean,3.64,796.59,6.64,429.51,Poor
888,Estuary,Increasing,Moderate,82.03,Indian Ocean,7.57,865.26,22.65,347.0,Good
889,Deep Sea,Increasing,Moderate,74.1,Mediterranean,4.42,1140.75,10.96,85.96,Moderate
890,Open Ocean,Increasing,High,13.67,Pacific,2.36,9.14,14.72,136.58,Moderate
891,Deep Sea,Increasing,Low,33.63,Indian Ocean,5.38,525.11,16.09,107.15,Good
892,Estuary,Critical,Low,88.59,Indian Ocean,1.74,1038.97,27.28,302.19,Moderate
893,Deep Sea,Declining,Moderate,103.64,Arctic,4.69,1445.82,15.28,252.31,Moderate
894,Open Ocean,Declining,Low,86.82,Mediterranean,3.51,352.44,8.63,433.67,Moderate
895,Coral Reef,Stable,Moderate,110.88,Atlantic,9.16,1096.03,18.11,476.38,Good
896,Estuary,Stable,High,123.08,Pacific,1.08,1430.35,29.07,203.03,Moderate
897,Coral Reef,Critical,Moderate,11.89,Pacific,7.09,892.03,20.19,253.67,Moderate
898,Coral Reef,Declining,Moderate,98.18,Mediterranean,2.24,59.03,29.58,485.79,Moderate
899,Coral Reef,Declining,High,193.06,Arctic,3.53,901.29,26.03,138.84,Poor
900,Coastal,Increasing,Low,108.62,Arctic,4.45,596.41,5.9,396.4,Good
901,Coastal,Critical,Moderate,138.73,Mediterranean,9.13,1859.65,21.46,113.39,Moderate
902,Coral Reef,Critical,Moderate,69.25,Arctic,2.8,253.6,12.17,341.05,Moderate
903,Estuary,Increasing,High,157.06,Pacific,1.37,1306.69,18.99,127.55,Moderate
904,Open Ocean,Critical,Low,156.86,Pacific,3.53,110.18,11.98,441.98,Moderate
905,Open Ocean,Critical,Moderate,109.05,Atlantic,1.49,895.11,13.72,281.18,Moderate
906,Deep Sea,Stable,High,195.44,Mediterranean,1.72,1110.19,28.08,93.78,Moderate
907,Estuary,Declining,Moderate,33.85,Indian Ocean,5.95,599.42,10.17,112.96,Moderate
908,Coastal,Critical,Very High,13.22,Indian Ocean,1.08,912.88,26.85,247.43,Poor
909,Coral Reef,Stable,High,156.33,Atlantic,0.79,331.29,5.76,480.84,Moderate
910,Deep Sea,Declining,Low,163.36,Atlantic,7.29,611.73,7.27,385.05,Good
911,Open Ocean,Increasing,Low,32.84,Arctic,3.94,1244.11,26.37,244.67,Moderate
912,Coastal,Stable,Low,60.46,Atlantic,1.69,607.09,20.76,169.52,Good
913,Coastal,Stable,Low,13.33,Atlantic,2.91,1799.99,23.68,275.08,Moderate
914,Coral Reef,Declining,Moderate,65.73,Indian Ocean,6.6,1258.67,10.24,374.43,Moderate
915,Open Ocean,Increasing,Moderate,156.9,Arctic,3.12,880.1,18.43,392.18,Good
916,Estuary,Stable,Low,108.41,Atlantic,5.2,82.32,23.43,162.98,Good
917,Coastal,Critical,Low,76.14,Atlantic,1.66,1001.6,20.68,360.86,Moderate
918,Coral Reef,Critical,Low,80.63,Arctic,6.09,1530.73,16.79,329.24,Moderate
919,Estuary,Critical,Moderate,10.26,Mediterranean,3.5,534.79,28.99,479.6,Moderate
920,Open Ocean,Increasing,Low,66.96,Arctic,6.46,1614.51,21.9,465.61,Good
921,Coastal,Stable,Low,132.83,Indian Ocean,8.18,507.35,27.69,394.9,Good
922,Estuary,Critical,Very High,195.1,Mediterranean,6.31,1648.37,23.24,361.97,Moderate
923,Estuary,Increasing,Very High,170.94,Pacific,3.31,175.11,23.39,137.75,Poor
924,Estuary,Critical,Low,14.48,Arctic,2.93,1733.04,7.0,423.14,Moderate
925,Coastal,Declining,High,180.73,Indian Ocean,3.61,1000.88,13.99,214.33,Poor
926,Coastal,Stable,Low,158.81,Mediterranean,2.06,596.59,26.46,136.85,Moderate
927,Deep Sea,Stable,Very High,158.27,Arctic,2.22,533.9,10.82,192.7,Moderate
928,Open Ocean,Increasing,High,97.02,Atlantic,8.01,866.86,7.89,418.13,Good
929,Coral Reef,Increasing,High,85.62,Arctic,4.15,1998.1,13.15,75.17,Moderate
930,Estuary,Stable,Low,67.55,Pacific,4.64,444.55,10.51,228.62,Moderate
931,Deep Sea,Critical,Very High,22.48,Arctic,6.14,210.92,28.13,246.69,Poor
932,Coral Reef,Critical,Very High,53.36,Mediterranean,6.1,1172.15,26.7,19.28,Poor
933,Deep Sea,Declining,High,56.85,Mediterranean,1.14,979.64,17.49,98.68,Poor
934,Coastal,Critical,Low,101.97,Arctic,8.4,1050.77,6.53,413.54,Good
935,Estuary,Increasing,Moderate,152.01,Mediterranean,2.18,1335.54,22.86,415.55,Moderate
936,Coral Reef,Increasing,Moderate,100.02,Atlantic,7.37,537.95,20.59,146.92,Good
937,Coral Reef,Critical,Very High,20.99,Arctic,7.84,1821.78,29.26,437.57,Poor
938,Coral Reef,Increasing,Moderate,191.98,Atlantic,7.29,874.17,18.97,386.12,Good
939,Coral Reef,Stable,Very High,189.12,Atlantic,6.0,262.53,13.41,209.54,Moderate
940,Coral Reef,Stable,Very High,159.19,Indian Ocean,0.64,1485.89,17.98,374.45,Moderate
941,Deep Sea,Critical,Very High,198.35,Arctic,3.92,1287.99,29.48,480.71,Poor
942,Estuary,Stable,Moderate,113.45,Mediterranean,6.25,634.91,22.41,230.03,Moderate
943,Coastal,Stable,Very High,192.93,Atlantic,4.18,1244.93,21.8,119.98,Moderate
944,Coastal,Declining,High,24.36,Indian Ocean,8.7,443.62,11.02,470.97,Good
945,Coastal,Declining,Low,79.48,Arctic,3.43,892.45,23.59,302.27,Moderate
946,Coastal,Stable,Low,52.82,Arctic,3.29,1799.33,23.76,53.53,Moderate
947,Deep Sea,Critical,Very High,47.21,Pacific,3.03,271.4,12.93,286.77,Poor
948,Open Ocean,Declining,Low,36.75,Pacific,3.66,776.46,17.09,250.79,Moderate
949,Estuary,Increasing,Moderate,128.26,Atlantic,5.8,1643.18,12.37,427.94,Good
950,Coral Reef,Increasing,Moderate,158.45,Pacific,7.22,1939.13,11.47,265.82,Good
951,Open Ocean,Increasing,Low,119.88,Atlantic,6.79,910.58,5.65,128.36,Moderate
952,Coastal,Critical,Moderate,37.92,Mediterranean,8.17,1016.46,12.13,338.15,Moderate
953,Open Ocean,Stable,Low,164.11,Atlantic,8.92,1146.48,18.85,271.75,Good
954,Estuary,Increasing,Low,130.83,Pacific,8.25,1865.03,5.04,117.29,Good
955,Coral Reef,Critical,Low,83.75,Mediterranean,0.68,1717.12,12.08,287.24,Poor
956,Coral Reef,Declining,Very High,138.08,Pacific,7.49,345.35,27.04,410.95,Moderate
957,Estuary,Stable,Low,59.38,Atlantic,2.48,876.33,19.84,15.26,Moderate
958,Estuary,Declining,Very High,75.59,Indian Ocean,1.76,930.68,20.2,315.79,Poor
959,Coastal,Critical,Low,184.32,Arctic,6.57,1579.25,15.08,175.44,Moderate
960,Coral Reef,Increasing,Low,65.2,Pacific,3.54,1207.77,21.91,147.04,Moderate
961,Open Ocean,Increasing,Low,99.3,Atlantic,1.04,1310.17,9.75,196.9,Good
962,Deep Sea,Critical,Moderate,179.13,Mediterranean,1.81,1996.41,25.47,171.67,Poor
963,Deep Sea,Increasing,Very High,144.47,Pacific,0.51,154.55,7.92,416.29,Moderate
964,Estuary,Stable,Very High,21.82,Pacific,9.08,449.9,21.4,138.12,Moderate
965,Coastal,Critical,Low,37.99,Arctic,0.73,818.75,13.53,366.84,Moderate
966,Deep Sea,Declining,Low,11.49,Atlantic,2.49,698.83,23.69,47.94,Moderate
967,Coral Reef,Critical,Moderate,129.88,Indian Ocean,4.45,48.18,18.74,475.75,Moderate
968,Estuary,Stable,Moderate,95.06,Mediterranean,3.89,188.1,16.31,311.54,Moderate
969,Open Ocean,Stable,Moderate,35.51,Atlantic,9.16,1363.5,9.24,353.65,Good
970,Estuary,Critical,Very High,192.01,Mediterranean,0.88,1759.25,20.92,149.72,Poor
971,Open Ocean,Critical,Very High,110.64,Pacific,5.37,1030.88,29.37,206.64,Poor
972,Estuary,Increasing,Very High,55.96,Arctic,6.96,1080.69,25.64,112.67,Moderate
973,Estuary,Stable,Low,105.11,Arctic,9.35,513.91,6.5,466.34,Good
974,Estuary,Critical,Very High,139.13,Indian Ocean,6.39,1536.91,14.41,244.56,Poor
975,Open Ocean,Critical,High,24.49,Arctic,8.14,1504.83,28.14,315.59,Moderate
976,Open Ocean,Stable,High,62.19,Pacific,1.3,1178.79,17.58,367.4,Moderate
977,Estuary,Critical,Moderate,163.32,Indian Ocean,4.17,429.27,21.55,186.18,Moderate
978,Deep Sea,Increasing,Very High,97.34,Atlantic,4.05,198.55,27.81,360.33,Good
979,Coastal,Stable,High,113.85,Arctic,8.92,133.16,26.84,338.32,Good
980,Coastal,Increasing,Moderate,92.24,Indian Ocean,1.94,1187.43,17.55,353.12,Good
981,Coastal,Increasing,Very High,18.34,Pacific,1.94,1650.95,15.94,245.13,Moderate
982,Open Ocean,Increasing,Low,41.49,Mediterranean,3.62,1717.37,13.49,192.09,Moderate
983,Open Ocean,Increasing,High,94.65,Mediterranean,1.02,929.93,22.98,111.82,Moderate
984,Deep Sea,Stable,Low,49.75,Pacific,2.23,1569.62,12.17,412.49,Moderate
985,Coastal,Increasing,Very High,19.5,Pacific,9.67,1894.03,11.25,304.57,Good
986,Coastal,Increasing,High,170.29,Mediterranean,4.57,553.96,13.91,222.73,Moderate
987,Estuary,Critical,Very High,196.43,Indian Ocean,6.5,798.93,9.43,472.05,Poor
988,Open Ocean,Stable,Low,160.7,Mediterranean,7.4,1863.3,22.38,24.87,Moderate
989,Coastal,Stable,High,172.22,Pacific,3.99,679.77,20.41,425.24,Moderate
990,Deep Sea,Declining,Low,55.98,Arctic,1.9,1828.18,17.07,498.79,Moderate
991,Deep Sea,Stable,Very High,192.52,Atlantic,2.46,1962.18,14.76,443.58,Poor
992,Coastal,Stable,Very High,47.42,Arctic,3.48,1325.31,27.73,405.41,Moderate
993,Open Ocean,Declining,Low,190.77,Arctic,6.54,1634.7,5.73,187.78,Good
994,Deep Sea,Stable,High,199.02,Pacific,4.28,1500.34,24.23,116.43,Moderate
995,Estuary,Stable,Low,145.23,Mediterranean,0.56,1400.57,27.55,367.69,Good
996,Deep Sea,Stable,Very High,196.42,Indian Ocean,5.47,617.33,16.16,152.98,Moderate
997,Coral Reef,Stable,Low,118.21,Arctic,9.25,118.9,18.77,88.84,Good
998,Coral Reef,Declining,Very High,59.31,Mediterranean,8.21,689.39,28.61,393.48,Moderate
999,Open Ocean,Stable,Low,93.03,Indian Ocean,8.34,1335.54,10.31,156.96,Good
1000,Coastal,Stable,High,122.78,Arctic,8.05,209.55,18.0,457.31,Good
